youtube_id,youtube_url,series,lesson_number,title,published_gregorian,duration_minutes,audio_file_name (to be filled by the team)
9zpKZxl3HPk,https://www.youtube.com/watch?v=9zpKZxl3HPk,شرح صحيح مسلم,1,الدرس (1) شرح صحيح مسلم -رحمه الله- المقدمة,2022-11-03,78,
3XQ_5yUg2pk,https://www.youtube.com/watch?v=3XQ_5yUg2pk,شرح صحيح مسلم,2,الدرس (2) شرح صحيح مسلم -رحمه الله- المقدمة,2022-11-09,87,
EvTdeL6_5iw,https://www.youtube.com/watch?v=EvTdeL6_5iw,شرح صحيح مسلم,3,الدرس (3) شرح صحيح مسلم -رحمه الله- المقدمة,2022-12-14,62,
JajqH82QznY,https://www.youtube.com/watch?v=JajqH82QznY,شرح صحيح مسلم,4,الدرس (4) شرح مقدمة صحيح مسلم -رحمه الله- المقدمة,2022-12-18,64,
R3Q4oDrXsIA,https://www.youtube.com/watch?v=R3Q4oDrXsIA,شرح صحيح مسلم,5,الدرس (5) الأخير من شرح مقدمة صحيح مسلم -رحمه الله- المقدمة,2022-12-31,68,
mllLAPvduro,https://www.youtube.com/watch?v=mllLAPvduro,شرح صحيح مسلم,6,"المجلس (6) شرح صحيح مسلم ""كتاب الإيمان"" الدرس الأول",2022-12-31,64,
DkH1h6TercM,https://www.youtube.com/watch?v=DkH1h6TercM,شرح صحيح مسلم,7,"المجلس (7) شرح صحيح مسلم ""كتاب الإيمان"" الدرس (2)",2023-01-14,97,
QVRDIjHCbB0,https://www.youtube.com/watch?v=QVRDIjHCbB0,شرح صحيح مسلم,8,"المجلس (8) شرح صحيح مسلم ""كتاب الإيمان"" الدرس (3)",2023-01-14,67,
aDGbdc271Uc,https://www.youtube.com/watch?v=aDGbdc271Uc,شرح صحيح مسلم,9,"المجلس (9) شرح صحيح مسلم ""كتاب الإيمان"" الدرس (4)",2023-01-14,66,
Q8NHBbuOav8,https://www.youtube.com/watch?v=Q8NHBbuOav8,شرح صحيح مسلم,10,"المجلس (10) شرح صحيح مسلم ""كتاب الإيمان"" الدرس (5)",2023-01-22,74,
Dfo1M-6Jtpw,https://www.youtube.com/watch?v=Dfo1M-6Jtpw,شرح صحيح مسلم,11,"المجلس (11) شرح صحيح مسلم ""كتاب الإيمان"" الدرس (6)",2023-01-22,73,
BOAHQfEws5Q,https://www.youtube.com/watch?v=BOAHQfEws5Q,شرح صحيح مسلم,12,"المجلس (12) شرح صحيح مسلم ""كتاب الإيمان"" الدرس (7)",2023-02-01,81,
4BFnW2ZUCzQ,https://www.youtube.com/watch?v=4BFnW2ZUCzQ,شرح صحيح مسلم,13,"المجلس (13) شرح صحيح مسلم ""كتاب الإيمان"" الدرس (8)",2023-02-01,71,
nso1UjEgNIQ,https://www.youtube.com/watch?v=nso1UjEgNIQ,شرح صحيح مسلم,14,"المجلس (14) شرح صحيح مسلم ""كتاب الإيمان"" الدرس (9)",2023-02-02,66,
Sh0Azx1AhKg,https://www.youtube.com/watch?v=Sh0Azx1AhKg,شرح صحيح مسلم,15,"المجلس (15) شرح صحيح مسلم ""كتاب الإيمان"" الدرس (10)",2023-02-05,71,
wJN8ZdL_1rI,https://www.youtube.com/watch?v=wJN8ZdL_1rI,شرح صحيح مسلم,16,"المجلس (16) شرح صحيح مسلم ""كتاب الإيمان"" الدرس (11)",2023-02-09,72,
hBKHvdnZiGM,https://www.youtube.com/watch?v=hBKHvdnZiGM,شرح صحيح مسلم,17,"المجلس (17) شرح صحيح مسلم ""كتاب الإيمان"" الدرس (12)",2023-02-09,72,
9j5p91fAjMA,https://www.youtube.com/watch?v=9j5p91fAjMA,شرح صحيح مسلم,18,"المجلس (18) شرح صحيح مسلم ""كتاب الإيمان"" الدرس (13)",2023-02-15,71,
z2W-3KUY6mE,https://www.youtube.com/watch?v=z2W-3KUY6mE,شرح صحيح مسلم,19,"المجلس (19) شرح صحيح مسلم ""كتاب الإيمان"" الدرس (14)",2023-02-17,69,
_LTGD4_3xy8,https://www.youtube.com/watch?v=_LTGD4_3xy8,شرح صحيح مسلم,20,"المجلس (20) شرح صحيح مسلم ""كتاب الإيمان"" الدرس (15)",2023-02-24,73,
6jS7V_9mgqY,https://www.youtube.com/watch?v=6jS7V_9mgqY,شرح صحيح مسلم,21,"المجلس (21) شرح صحيح مسلم ""كتاب الإيمان"" الدرس (16)",2023-02-24,73,
uohk4uq3Mtk,https://www.youtube.com/watch?v=uohk4uq3Mtk,شرح صحيح مسلم,22,"المجلس (22) شرح صحيح مسلم ""كتاب الإيمان"" الدرس (17)",2023-03-21,76,
YEYj4wTRROY,https://www.youtube.com/watch?v=YEYj4wTRROY,شرح صحيح مسلم,23,"المجلس (23) شرح صحيح مسلم ""كتاب الإيمان"" الدرس (18)",2023-03-21,73,
FEYiZW42GUo,https://www.youtube.com/watch?v=FEYiZW42GUo,شرح صحيح مسلم,24,"المجلس (24) شرح صحيح مسلم ""كتاب الصيام"" الدرس (1)",2023-03-23,70,
WrQb803gMJ8,https://www.youtube.com/watch?v=WrQb803gMJ8,شرح صحيح مسلم,25,"المجلس (25) شرح صحيح مسلم ""كتاب الصيام"" الدرس (2)",2023-03-23,74,
NiK6ssBNSKA,https://www.youtube.com/watch?v=NiK6ssBNSKA,شرح صحيح مسلم,26,"المجلس (26) شرح صحيح مسلم ""كتاب الصيام"" الدرس (3)",2023-05-05,81,
FIGIxhu4V-U,https://www.youtube.com/watch?v=FIGIxhu4V-U,شرح صحيح مسلم,27,"المجلس (27) شرح صحيح مسلم ""كتاب الصيام"" الدرس (4)",2023-05-05,77,
ilvwOvMEicQ,https://www.youtube.com/watch?v=ilvwOvMEicQ,شرح صحيح مسلم,28,"المجلس (28) شرح صحيح مسلم ""كتاب الصيام"" الدرس (5)",2023-05-05,94,
YU7BDKeIElA,https://www.youtube.com/watch?v=YU7BDKeIElA,شرح صحيح مسلم,29,"المجلس (29) شرح صحيح مسلم ""كتاب الصيام"" الدرس (6)",2023-05-05,79,
yZolv6-sygU,https://www.youtube.com/watch?v=yZolv6-sygU,شرح صحيح مسلم,30,"المجلس (30) شرح صحيح مسلم ""كتاب الصيام"" الدرس (7)",2023-05-05,81,
fqtKtz98RbY,https://www.youtube.com/watch?v=fqtKtz98RbY,شرح صحيح مسلم,31,"المجلس (31) شرح صحيح مسلم ""كتاب الصيام"" الدرس (8)",2023-05-05,82,
A_F98sKx9dw,https://www.youtube.com/watch?v=A_F98sKx9dw,شرح صحيح مسلم,32,"المجلس (32) شرح صحيح مسلم ""كتاب الصيام"" الدرس (9)",2023-05-05,80,
IKwdBbvkrOI,https://www.youtube.com/watch?v=IKwdBbvkrOI,شرح صحيح مسلم,33,"المجلس (33) شرح صحيح مسلم ""كتاب الإيمان"" الدرس (19)",2023-05-05,78,
DdM5OZmXHaY,https://www.youtube.com/watch?v=DdM5OZmXHaY,شرح صحيح مسلم,34,"المجلس (34) شرح صحيح مسلم ""كتاب الإيمان"" الدرس (20)",2023-05-05,67,
TaiDWiBEvUc,https://www.youtube.com/watch?v=TaiDWiBEvUc,شرح صحيح مسلم,35,"المجلس (35) شرح صحيح مسلم ""كتاب الإيمان"" الدرس (21)",2023-05-05,67,
38tdzk9P_Dg,https://www.youtube.com/watch?v=38tdzk9P_Dg,شرح صحيح مسلم,36,"المجلس (36) شرح صحيح مسلم ""كتاب الإيمان"" الدرس (22)",2023-05-10,60,
LC_C_okgc58,https://www.youtube.com/watch?v=LC_C_okgc58,شرح صحيح مسلم,37,"المجلس (37) شرح صحيح مسلم ""كتاب الإيمان"" الدرس (23)",2023-05-15,38,
KhApC_tIFwo,https://www.youtube.com/watch?v=KhApC_tIFwo,شرح صحيح مسلم,38,"المجلس (38) شرح صحيح مسلم ""كتاب الإيمان"" الدرس (24)",2023-05-28,74,
uvJZVxjxI8M,https://www.youtube.com/watch?v=uvJZVxjxI8M,شرح صحيح مسلم,39,"المجلس (39) شرح صحيح مسلم ""كتاب الإيمان"" الدرس (25)",2023-05-28,74,
IVWlXI4NoxE,https://www.youtube.com/watch?v=IVWlXI4NoxE,شرح صحيح مسلم,40,"المجلس (40) شرح صحيح مسلم ""كتاب الإيمان"" الدرس (26)",2023-05-28,74,
NwA5tos-fVs,https://www.youtube.com/watch?v=NwA5tos-fVs,شرح صحيح مسلم,41,"المجلس (41) شرح صحيح مسلم ""كتاب الإيمان"" الدرس (27)",2023-05-28,69,
UPkN0EC_5-A,https://www.youtube.com/watch?v=UPkN0EC_5-A,شرح صحيح مسلم,42,"المجلس (42) شرح صحيح مسلم ""كتاب الإيمان"" الدرس (28)",2023-06-01,77,
Jovhpg8LFAs,https://www.youtube.com/watch?v=Jovhpg8LFAs,شرح صحيح مسلم,43,"المجلس (43) شرح صحيح مسلم ""كتاب الإيمان"" الدرس (29)",2023-06-02,74,
zti69_NrjGc,https://www.youtube.com/watch?v=zti69_NrjGc,شرح صحيح مسلم,44,"المجلس (44) شرح صحيح مسلم ""كتاب الإيمان"" الدرس (30)",2023-06-10,71,
G5-n9YTQ7vI,https://www.youtube.com/watch?v=G5-n9YTQ7vI,شرح صحيح مسلم,45,"المجلس (45) شرح صحيح مسلم ""كتاب الإيمان"" الدرس (31)",2023-07-18,88,
rY6gR_u1nqE,https://www.youtube.com/watch?v=rY6gR_u1nqE,شرح صحيح مسلم,46,"المجلس (46) شرح صحيح مسلم ""كتاب الإيمان"" الدرس (32)",2023-07-20,72,
HD7bEahteU0,https://www.youtube.com/watch?v=HD7bEahteU0,شرح صحيح مسلم,47,"المجلس (47) شرح صحيح مسلم ""كتاب الإيمان"" الدرس (33)",2023-07-20,88,
leLCGPaVMrY,https://www.youtube.com/watch?v=leLCGPaVMrY,شرح صحيح مسلم,48,"المجلس (48) شرح صحيح مسلم ""كتاب الإيمان"" الدرس (34)",2023-07-31,71,
dwWqcni3qok,https://www.youtube.com/watch?v=dwWqcni3qok,شرح صحيح مسلم,49,"المجلس (49) شرح صحيح مسلم ""كتاب الإيمان"" الدرس (35)",2023-07-31,73,
P7P_uOgK26w,https://www.youtube.com/watch?v=P7P_uOgK26w,شرح صحيح مسلم,50,"المجلس (50) شرح صحيح مسلم ""كتاب الإيمان"" الدرس (36)",2023-08-04,58,
a_6ts6Ii_04,https://www.youtube.com/watch?v=a_6ts6Ii_04,شرح صحيح مسلم,51,"المجلس (51) شرح صحيح مسلم ""كتاب الإيمان"" الدرس (37)",2023-08-04,68,
S8I1IcnjlGE,https://www.youtube.com/watch?v=S8I1IcnjlGE,شرح صحيح مسلم,52,"المجلس (52) شرح صحيح مسلم ""كتاب الإيمان"" الدرس (38)",2023-09-10,74,
gzBHR-U9iUA,https://www.youtube.com/watch?v=gzBHR-U9iUA,شرح صحيح مسلم,53,"المجلس (53) شرح صحيح مسلم ""كتاب الإيمان"" درس(39) والأخير",2023-09-10,62,
zO5WMS19b1U,https://www.youtube.com/watch?v=zO5WMS19b1U,شرح صحيح مسلم,54,"المجلس (54) شرح صحيح مسلم ""كتاب الطهارة "" الدرس (2)",2023-09-11,73,
N6WaT7EiDRg,https://www.youtube.com/watch?v=N6WaT7EiDRg,شرح صحيح مسلم,55,"المجلس (55) شرح صحيح مسلم ""كتاب الطهارة "" الدرس (3)",2023-09-11,64,
BOugjB9Pig4,https://www.youtube.com/watch?v=BOugjB9Pig4,شرح صحيح مسلم,56,"المجلس (56) شرح صحيح مسلم ""كتاب الطهارة "" الدرس (4)",2023-09-11,72,
n8qgeL79Kr8,https://www.youtube.com/watch?v=n8qgeL79Kr8,شرح صحيح مسلم,57,"المجلس (57) شرح صحيح مسلم ""كتاب الطهارة "" الدرس (5)",2023-09-11,73,
_8hM2vST_0I,https://www.youtube.com/watch?v=_8hM2vST_0I,شرح صحيح مسلم,58,"المجلس (58) شرح صحيح مسلم ""كتاب الطهارة "" الدرس (6)",2023-09-11,73,
kwLPq0k75oU,https://www.youtube.com/watch?v=kwLPq0k75oU,شرح صحيح مسلم,59,"المجلس (59) شرح صحيح مسلم ""كتاب الطهارة "" الدرس (7)",2023-09-11,73,
lewjUqH61gI,https://www.youtube.com/watch?v=lewjUqH61gI,شرح صحيح مسلم,60,"المجلس (60) شرح صحيح مسلم ""كتاب الطهارة "" الدرس (8)",2023-09-11,71,
AOxUYgurdSg,https://www.youtube.com/watch?v=AOxUYgurdSg,شرح صحيح مسلم,61,"المجلس (61) شرح صحيح مسلم ""كتاب الطهارة "" الدرس (9)",2023-09-11,71,
TuKPqOJLy1k,https://www.youtube.com/watch?v=TuKPqOJLy1k,شرح صحيح مسلم,62,"المجلس (62) شرح صحيح مسلم ""كتاب الطهارة "" الدرس (10)",2023-09-13,71,
zFKxVRyFFmg,https://www.youtube.com/watch?v=zFKxVRyFFmg,شرح صحيح مسلم,63,"المجلس (63) شرح صحيح مسلم ""كتاب الطهارة "" الدرس (11)",2023-09-14,73,
B9CitwF2PGE,https://www.youtube.com/watch?v=B9CitwF2PGE,شرح صحيح مسلم,64,"المجلس (64) شرح صحيح مسلم ""كتاب الطهارة "" الدرس (12)",2023-09-17,75,
gw0-A6-Rp4M,https://www.youtube.com/watch?v=gw0-A6-Rp4M,شرح صحيح مسلم,65,"المجلس (65) شرح صحيح مسلم ""كتاب الطهارة "" الدرس (13)",2023-09-23,76,
5-EtJC-6MqE,https://www.youtube.com/watch?v=5-EtJC-6MqE,شرح صحيح مسلم,66,"المجلس (66) شرح صحيح مسلم ""كتاب الطهارة "" الدرس (14)",2023-09-27,74,
t6PhEmu0Vuw,https://www.youtube.com/watch?v=t6PhEmu0Vuw,شرح صحيح مسلم,67,"المجلس (67) شرح صحيح مسلم ""كتاب الطهارة "" الدرس (15)",2023-10-01,68,
-aWOXlH-ymE,https://www.youtube.com/watch?v=-aWOXlH-ymE,شرح صحيح مسلم,68,"المجلس (68) شرح صحيح مسلم ""كتاب الطهارة "" الدرس (16)",2023-10-05,67,
YPvDuiffzPI,https://www.youtube.com/watch?v=YPvDuiffzPI,شرح صحيح مسلم,69,"المجلس (69) شرح صحيح مسلم ""كتاب الطهارة "" الدرس (17)",2023-10-05,76,
9DjhPuceiXw,https://www.youtube.com/watch?v=9DjhPuceiXw,شرح صحيح مسلم,70,"المجلس (70) شرح صحيح مسلم ""كتاب الطهارة "" الدرس (18)",2023-10-07,74,
e0c3D__c22o,https://www.youtube.com/watch?v=e0c3D__c22o,شرح صحيح مسلم,71,"المجلس (71) شرح صحيح مسلم ""كتاب الحيض "" الدرس (1)",2023-10-23,74,
CPWnGcilbuY,https://www.youtube.com/watch?v=CPWnGcilbuY,شرح صحيح مسلم,72,"المجلس (72) شرح صحيح مسلم ""كتاب الحيض "" الدرس (2)",2023-10-23,74,
0lc6i51L1Ds,https://www.youtube.com/watch?v=0lc6i51L1Ds,شرح صحيح مسلم,73,"المجلس (73) شرح صحيح مسلم ""كتاب الحيض "" الدرس (3)",2023-10-29,74,
Xs3ySkzknng,https://www.youtube.com/watch?v=Xs3ySkzknng,شرح صحيح مسلم,74,"المجلس (74) شرح صحيح مسلم ""كتاب الحيض "" الدرس (4)",2023-10-29,74,
r1RIbrIAOD0,https://www.youtube.com/watch?v=r1RIbrIAOD0,شرح صحيح مسلم,75,"المجلس (75) شرح صحيح مسلم ""كتاب الحيض "" الدرس (5)",2023-10-29,74,
HzTzNGPb3qo,https://www.youtube.com/watch?v=HzTzNGPb3qo,شرح صحيح مسلم,76,"المجلس (76) شرح صحيح مسلم ""كتاب الحيض "" الدرس (6)",2023-10-29,74,
apj4aXKsu1A,https://www.youtube.com/watch?v=apj4aXKsu1A,شرح صحيح مسلم,77,"المجلس (77) شرح صحيح مسلم ""كتاب الحيض "" الدرس (7)",2023-10-29,71,
4JPAyWVq95w,https://www.youtube.com/watch?v=4JPAyWVq95w,شرح صحيح مسلم,78,"المجلس (78) شرح صحيح مسلم ""كتاب الحيض "" الدرس (8)",2023-11-14,74,
awdAAaagN6Q,https://www.youtube.com/watch?v=awdAAaagN6Q,شرح صحيح مسلم,79,"المجلس (79) شرح صحيح مسلم ""كتاب الحيض "" الدرس (9)",2023-11-14,74,
fOaaH9nvDKs,https://www.youtube.com/watch?v=fOaaH9nvDKs,شرح صحيح مسلم,80,"المجلس (80) شرح صحيح مسلم ""كتاب الحيض "" الدرس (10)",2023-11-14,74,
8iHC26DKMes,https://www.youtube.com/watch?v=8iHC26DKMes,شرح صحيح مسلم,81,"المجلس (81) شرح صحيح مسلم ""كتاب الحيض "" الدرس (11)",2023-11-23,71,
88JjkPr7Er4,https://www.youtube.com/watch?v=88JjkPr7Er4,شرح صحيح مسلم,82,"المجلس (82) 84 شرح صحيح مسلم ""كتاب الحيض "" الدرس (12)",2023-12-14,68,
gXBdqiUwsDI,https://www.youtube.com/watch?v=gXBdqiUwsDI,شرح صحيح مسلم,83,"المجلس (83) 85 شرح صحيح مسلم ""كتاب الحيض "" الدرس (13)",2023-12-14,76,
5mY4TDlh2BE,https://www.youtube.com/watch?v=5mY4TDlh2BE,شرح صحيح مسلم,84,"المجلس (84) 86 شرح صحيح مسلم ""كتاب الحيض "" الدرس (14)",2023-12-14,74,
RgvMwzlAor0,https://www.youtube.com/watch?v=RgvMwzlAor0,شرح صحيح مسلم,85,"المجلس (85) 87 شرح صحيح مسلم ""كتاب الحيض "" الدرس (15)",2023-12-15,74,
VJLssjjv_lg,https://www.youtube.com/watch?v=VJLssjjv_lg,شرح صحيح مسلم,86,"المجلس (86) 88 شرح صحيح مسلم ""كتاب الحيض "" الدرس (16)",2023-12-15,78,
rguJhwmjIuk,https://www.youtube.com/watch?v=rguJhwmjIuk,شرح صحيح مسلم,87,"المجلس (87) 89 شرح صحيح مسلم ""كتاب الحيض/الصلاة"" (18)/(1)",2023-12-15,69,
iNP-eKyevQY,https://www.youtube.com/watch?v=iNP-eKyevQY,شرح صحيح مسلم,90,"المجلس (90) شرح صحيح مسلم ""كتاب الصلاة"" (2)",2023-12-15,69,
hrLc9021U1I,https://www.youtube.com/watch?v=hrLc9021U1I,شرح صحيح مسلم,91,"المجلس (91) شرح صحيح مسلم ""كتاب الصلاة"" (3)",2023-12-15,76,
hN6YBHroMYc,https://www.youtube.com/watch?v=hN6YBHroMYc,شرح صحيح مسلم,92,"المجلس (92) شرح صحيح مسلم ""كتاب الصلاة"" (4)",2023-12-15,73,
dguaFY2DRv8,https://www.youtube.com/watch?v=dguaFY2DRv8,شرح صحيح مسلم,93,"المجلس (93) شرح صحيح مسلم ""كتاب الصلاة"" (5)",2023-12-17,74,
7QmjibNPcrI,https://www.youtube.com/watch?v=7QmjibNPcrI,شرح صحيح مسلم,94,"المجلس (94) شرح صحيح مسلم ""كتاب الصلاة"" (6)",2023-12-24,69,
ZKZsNsTdCyU,https://www.youtube.com/watch?v=ZKZsNsTdCyU,شرح صحيح مسلم,95,"المجلس (95) شرح صحيح مسلم ""كتاب الصلاة"" (7)",2023-12-24,70,
c96Y3kaHomc,https://www.youtube.com/watch?v=c96Y3kaHomc,شرح صحيح مسلم,96,"المجلس (96) شرح صحيح مسلم ""كتاب الصلاة"" (8)",2023-12-28,67,
IRgRuq04Mfk,https://www.youtube.com/watch?v=IRgRuq04Mfk,شرح صحيح مسلم,97,"المجلس (97) شرح صحيح مسلم ""كتاب الصلاة"" (9)",2024-01-07,70,
irU2q-ZKric,https://www.youtube.com/watch?v=irU2q-ZKric,شرح صحيح مسلم,98,"المجلس (98) شرح صحيح مسلم ""كتاب الصلاة"" (10)",2024-01-07,71,
upYByZm94UE,https://www.youtube.com/watch?v=upYByZm94UE,شرح صحيح مسلم,99,"المجلس (99) شرح صحيح مسلم ""كتاب الصلاة"" (11)",2024-01-07,72,
i2xWwTwfB3A,https://www.youtube.com/watch?v=i2xWwTwfB3A,شرح صحيح مسلم,100,"المجلس (100) شرح صحيح مسلم ""كتاب الصلاة"" (12)",2024-01-07,70,
9x4DHu0WE80,https://www.youtube.com/watch?v=9x4DHu0WE80,شرح صحيح مسلم,101,"المجلس (101) شرح صحيح مسلم ""كتاب الصلاة"" (13)",2024-01-10,74,
QA9MtS8gCE8,https://www.youtube.com/watch?v=QA9MtS8gCE8,شرح صحيح مسلم,102,"المجلس (102) شرح صحيح مسلم ""كتاب الصلاة"" (14)",2024-01-14,59,
-0cqC4NHwOw,https://www.youtube.com/watch?v=-0cqC4NHwOw,شرح صحيح مسلم,103,"المجلس (103) شرح صحيح مسلم ""كتاب الصلاة"" (15)",2024-01-14,75,
N465jOnBzJg,https://www.youtube.com/watch?v=N465jOnBzJg,شرح صحيح مسلم,104,"المجلس (104) شرح صحيح مسلم ""كتاب الصلاة"" (16)",2024-01-21,74,
jCA9KTEmShc,https://www.youtube.com/watch?v=jCA9KTEmShc,شرح صحيح مسلم,105,"المجلس (105) شرح صحيح مسلم ""كتاب الصلاة"" (17)",2024-01-21,73,
Ct--9-vUppc,https://www.youtube.com/watch?v=Ct--9-vUppc,شرح صحيح مسلم,106,"المجلس (106) شرح صحيح مسلم ""كتاب الصلاة"" (18)",2024-01-21,74,
Xi42uckug0A,https://www.youtube.com/watch?v=Xi42uckug0A,شرح صحيح مسلم,107,"المجلس (107) شرح صحيح مسلم ""كتاب الصلاة"" (19)",2024-02-01,62,
3MRvxw772rc,https://www.youtube.com/watch?v=3MRvxw772rc,شرح صحيح مسلم,108,"المجلس (108) شرح صحيح مسلم ""كتاب الصلاة"" (20)",2024-02-02,79,
BE69iaWiO7A,https://www.youtube.com/watch?v=BE69iaWiO7A,شرح صحيح مسلم,109,"المجلس (109) شرح صحيح مسلم ""كتاب الصلاة"" (21)",2024-02-02,72,
HhT8ekVdP7U,https://www.youtube.com/watch?v=HhT8ekVdP7U,شرح صحيح مسلم,110,"المجلس (110) شرح صحيح مسلم ""كتاب الصلاة"" (22)",2024-02-02,73,
U5auO8Winyw,https://www.youtube.com/watch?v=U5auO8Winyw,شرح صحيح مسلم,111,"المجلس (111) شرح صحيح مسلم ""كتاب الصلاة"" (23)",2024-02-02,102,
Vsjh71CWywI,https://www.youtube.com/watch?v=Vsjh71CWywI,شرح صحيح مسلم,112,"المجلس (112) شرح صحيح مسلم ""كتاب الصلاة"" (24)",2024-02-03,71,
Th_GzSEIL7s,https://www.youtube.com/watch?v=Th_GzSEIL7s,شرح صحيح مسلم,113,"المجلس (113) شرح صحيح مسلم ""كتاب الصلاة"" (25)",2024-02-07,73,
NwjkWpGKsMw,https://www.youtube.com/watch?v=NwjkWpGKsMw,شرح صحيح مسلم,114,"المجلس (114) شرح صحيح مسلم ""كتاب الصلاة"" (26)",2024-02-08,72,
h6LgGOgpVNM,https://www.youtube.com/watch?v=h6LgGOgpVNM,شرح صحيح مسلم,115,"المجلس (115) شرح صحيح مسلم ""كتاب الصلاة"" (27)",2024-02-10,62,
npRctp6Bh9E,https://www.youtube.com/watch?v=npRctp6Bh9E,شرح صحيح مسلم,116,"المجلس (116) شرح صحيح مسلم ""كتاب الصلاة"" (28)",2024-02-24,73,
RVRms_K6JGo,https://www.youtube.com/watch?v=RVRms_K6JGo,شرح صحيح مسلم,117,"المجلس (117) شرح صحيح مسلم ""كتاب الصلاة"" (29)",2024-02-24,75,
tMse5YBpQ2A,https://www.youtube.com/watch?v=tMse5YBpQ2A,شرح صحيح مسلم,118,"المجلس (118) شرح صحيح مسلم ""كتاب الصلاة"" (30)",2024-03-02,73,
OcH-cN-NVcQ,https://www.youtube.com/watch?v=OcH-cN-NVcQ,شرح صحيح مسلم,119,"المجلس (119) شرح صحيح مسلم ""كتاب الصلاة"" (31)",2024-03-02,76,
rv9AOn44hxU,https://www.youtube.com/watch?v=rv9AOn44hxU,شرح صحيح مسلم,120,"المجلس (120) شرح صحيح مسلم ""كتاب الصلاة"" (32)",2024-03-06,72,
q_Twjoqhwyg,https://www.youtube.com/watch?v=q_Twjoqhwyg,شرح صحيح مسلم,121,"المجلس (121) شرح صحيح مسلم ""كتاب المساجد ومواضع الصلاة"" (1)",2024-03-08,72,
MREsBOscv9o,https://www.youtube.com/watch?v=MREsBOscv9o,شرح صحيح مسلم,122,"المجلس (122) شرح صحيح مسلم ""كتاب المساجد ومواضع الصلاة"" (2)",2024-03-09,73,
x2ZWdxKrSOM,https://www.youtube.com/watch?v=x2ZWdxKrSOM,شرح صحيح مسلم,123,"المجلس (123) شرح صحيح مسلم ""كتاب الصيام"" الدرس (10)",2024-03-14,84,
Ta8YnEsjC1M,https://www.youtube.com/watch?v=Ta8YnEsjC1M,شرح صحيح مسلم,124,"المجلس (124) شرح صحيح مسلم ""كتاب الصيام"" الدرس (11)",2024-03-14,90,
6BOxzOw2Cts,https://www.youtube.com/watch?v=6BOxzOw2Cts,شرح صحيح مسلم,125,"المجلس (125) شرح صحيح مسلم ""كتاب الصيام"" الدرس (12)",2024-03-19,100,
odwi5pdvsvw,https://www.youtube.com/watch?v=odwi5pdvsvw,شرح صحيح مسلم,126,"المجلس (126) شرح صحيح مسلم ""كتاب الصيام"" الدرس (13)",2024-03-20,91,
iq6gVlhqYFI,https://www.youtube.com/watch?v=iq6gVlhqYFI,شرح صحيح مسلم,127,"المجلس (127) شرح صحيح مسلم ""كتاب الصيام"" الدرس (14)",2024-03-21,82,
0awplfd4its,https://www.youtube.com/watch?v=0awplfd4its,شرح صحيح مسلم,128,"المجلس (128) شرح صحيح مسلم ""كتاب الاعتكاف"" الدرس (1)",2024-03-23,89,
tJMWq2xZnOs,https://www.youtube.com/watch?v=tJMWq2xZnOs,شرح صحيح مسلم,129,"المجلس (129) شرح صحيح مسلم ""كتاب الاعتكاف"" الدرس (2)",2024-04-11,91,
e361n8RUhxE,https://www.youtube.com/watch?v=e361n8RUhxE,شرح صحيح مسلم,130,"المجلس (130) شرح صحيح مسلم ""كتاب الزكاة"" الدرس (2)",2024-04-11,95,
O1nxAEn5my0,https://www.youtube.com/watch?v=O1nxAEn5my0,شرح صحيح مسلم,131,"المجلس (131) شرح صحيح مسلم ""كتاب المساجد ومواضع الصلاة"" (3)",2024-04-13,73,
ehxsUwbYYSQ,https://www.youtube.com/watch?v=ehxsUwbYYSQ,شرح صحيح مسلم,132,"المجلس (132) شرح صحيح مسلم ""كتاب المساجد ومواضع الصلاة"" (4)",2024-04-19,75,
3i3OAWlHPBQ,https://www.youtube.com/watch?v=3i3OAWlHPBQ,شرح صحيح مسلم,133,"المجلس (133) شرح صحيح مسلم ""كتاب المساجد ومواضع الصلاة"" (5)",2024-04-19,75,
tc527AJ_0e0,https://www.youtube.com/watch?v=tc527AJ_0e0,شرح صحيح مسلم,134,"المجلس (134) شرح صحيح مسلم ""كتاب المساجد ومواضع الصلاة"" (6)",2024-04-23,75,
NjgETkpJ0vI,https://www.youtube.com/watch?v=NjgETkpJ0vI,شرح صحيح مسلم,135,"المجلس (135) شرح صحيح مسلم ""كتاب المساجد ومواضع الصلاة"" (7)",2024-04-30,72,
wOdKW_r1ZQI,https://www.youtube.com/watch?v=wOdKW_r1ZQI,شرح صحيح مسلم,136,"المجلس (136) شرح صحيح مسلم ""كتاب المساجد ومواضع الصلاة"" (8)",2024-04-30,73,
lACnG5qoRuo,https://www.youtube.com/watch?v=lACnG5qoRuo,شرح صحيح مسلم,137,"المجلس (137) شرح صحيح مسلم ""كتاب المساجد ومواضع الصلاة"" (9)",2024-04-30,75,
Hb11JuzMvUM,https://www.youtube.com/watch?v=Hb11JuzMvUM,شرح صحيح مسلم,138,"المجلس (138) شرح صحيح مسلم ""كتاب المساجد ومواضع الصلاة""(10)",2024-05-07,71,
OpK_A_Tlylw,https://www.youtube.com/watch?v=OpK_A_Tlylw,شرح صحيح مسلم,139,"المجلس (139) شرح صحيح مسلم ""كتاب المساجد ومواضع الصلاة""(11)",2024-05-07,72,
Y3vtAfWVFP0,https://www.youtube.com/watch?v=Y3vtAfWVFP0,شرح صحيح مسلم,140,"المجلس (140) شرح صحيح مسلم ""كتاب المساجد ومواضع الصلاة""(12)",2024-05-07,71,
zBgu1bBD1rA,https://www.youtube.com/watch?v=zBgu1bBD1rA,شرح صحيح مسلم,141,"المجلس (141) شرح صحيح مسلم ""كتاب المساجد ومواضع الصلاة""(13)",2024-05-15,74,
njIzOBO_p4E,https://www.youtube.com/watch?v=njIzOBO_p4E,شرح صحيح مسلم,142,"المجلس (142) شرح صحيح مسلم ""كتاب المساجد ومواضع الصلاة""(14)",2024-05-15,73,
BVwSFbhWi5w,https://www.youtube.com/watch?v=BVwSFbhWi5w,شرح صحيح مسلم,143,"المجلس (143) شرح صحيح مسلم ""كتاب المساجد ومواضع الصلاة""(15)",2024-05-15,73,
hqycPWxjX4E,https://www.youtube.com/watch?v=hqycPWxjX4E,شرح صحيح مسلم,144,"المجلس (144) شرح صحيح مسلم ""كتاب المساجد ومواضع الصلاة""(16)",2024-05-21,71,
WCZZ8OqfFI0,https://www.youtube.com/watch?v=WCZZ8OqfFI0,شرح صحيح مسلم,145,"المجلس (145) شرح صحيح مسلم ""كتاب المساجد ومواضع الصلاة""(17)",2024-05-21,71,
8u4bueZNz50,https://www.youtube.com/watch?v=8u4bueZNz50,شرح صحيح مسلم,146,"المجلس (146) شرح صحيح مسلم ""كتاب المساجد ومواضع الصلاة""(18)",2024-05-21,74,
Svholl3bS5w,https://www.youtube.com/watch?v=Svholl3bS5w,شرح صحيح مسلم,147,"المجلس (147) شرح صحيح مسلم ""كتاب المساجد ومواضع الصلاة""(19)",2024-05-22,72,
yncD28hsvSU,https://www.youtube.com/watch?v=yncD28hsvSU,شرح صحيح مسلم,148,"المجلس (148) شرح صحيح مسلم ""كتاب المساجد ومواضع الصلاة""(20)",2024-05-26,91,
0e8TqxET108,https://www.youtube.com/watch?v=0e8TqxET108,شرح صحيح مسلم,149,"المجلس (149) شرح صحيح مسلم ""كتاب المساجد ومواضع الصلاة""(21)",2024-05-27,76,
HoIN8pavLQw,https://www.youtube.com/watch?v=HoIN8pavLQw,شرح صحيح مسلم,150,"المجلس (150) شرح صحيح مسلم ""كتاب المساجد ومواضع الصلاة""(22)",2024-07-01,74,
CVpb5NcMUCs,https://www.youtube.com/watch?v=CVpb5NcMUCs,شرح صحيح مسلم,151,"المجلس (151) شرح صحيح مسلم ""كتاب المساجد ومواضع الصلاة""(23)",2024-07-01,75,
t1HP_gU0KuI,https://www.youtube.com/watch?v=t1HP_gU0KuI,شرح صحيح مسلم,152,"المجلس (152) شرح صحيح مسلم ""كتاب المساجد ومواضع الصلاة""(24)",2024-07-04,72,
fjWg3Q_Pla8,https://www.youtube.com/watch?v=fjWg3Q_Pla8,شرح صحيح مسلم,153,"المجلس (153) شرح صحيح مسلم ""كتاب المساجد ومواضع الصلاة""(25)",2024-07-04,74,
slblLVyq06E,https://www.youtube.com/watch?v=slblLVyq06E,شرح صحيح مسلم,154,"المجلس (154) شرح صحيح مسلم ""كتاب المساجد ومواضع الصلاة""(26)",2024-08-22,73,
X-U4lgkgJtQ,https://www.youtube.com/watch?v=X-U4lgkgJtQ,شرح صحيح مسلم,155,"المجلس (155) شرح صحيح مسلم ""كتاب المساجد ومواضع الصلاة""(27)",2024-08-22,78,
78Xx1NoAEX8,https://www.youtube.com/watch?v=78Xx1NoAEX8,شرح صحيح مسلم,156,"المجلس (156) شرح صحيح مسلم ""كتاب المساجد ومواضع الصلاة""(28)",2024-08-22,78,
VXFOrJ-VDDg,https://www.youtube.com/watch?v=VXFOrJ-VDDg,شرح صحيح مسلم,157,"المجلس (157) شرح صحيح مسلم ""كتاب المساجد ومواضع الصلاة""(29)",2024-08-22,73,
fPbllabu_Vc,https://www.youtube.com/watch?v=fPbllabu_Vc,شرح صحيح مسلم,158,"المجلس (158) شرح صحيح مسلم ""كتاب المساجد ومواضع الصلاة""(30)",2024-08-22,98,
TpdskdAmwvM,https://www.youtube.com/watch?v=TpdskdAmwvM,شرح صحيح مسلم,159,"المجلس (159) شرح صحيح مسلم ""كتاب المساجد ومواضع الصلاة""(31)",2024-08-22,67,
ubnr_owc6L8,https://www.youtube.com/watch?v=ubnr_owc6L8,شرح صحيح مسلم,160,"المجلس (160) شرح صحيح مسلم ""كتاب المساجد ومواضع الصلاة""(32)",2024-08-22,69,
8CrYaVImpbo,https://www.youtube.com/watch?v=8CrYaVImpbo,شرح صحيح مسلم,161,"المجلس (161) شرح صحيح مسلم ""كتاب المساجد ومواضع الصلاة""(33)",2024-08-22,70,
k-w5DfEln-Q,https://www.youtube.com/watch?v=k-w5DfEln-Q,شرح صحيح مسلم,162,"المجلس (162) شرح صحيح مسلم ""كتاب المساجد ومواضع الصلاة""(34)",2024-08-22,89,
JONMOkDGr6o,https://www.youtube.com/watch?v=JONMOkDGr6o,شرح صحيح مسلم,163,"المجلس (163) شرح صحيح مسلم ""كتاب المساجد ومواضع الصلاة""(35)",2024-08-22,74,
VhGRonvqtX0,https://www.youtube.com/watch?v=VhGRonvqtX0,شرح صحيح مسلم,165,"المجلس (165) شرح صحيح مسلم ""كتاب صلاة المسافرين وقصرها"" (2)",2024-08-22,74,
HvVa0g8P-cg,https://www.youtube.com/watch?v=HvVa0g8P-cg,شرح صحيح مسلم,166,"المجلس (166) شرح صحيح مسلم ""كتاب صلاة المسافرين وقصرها"" (3)",2024-08-22,73,
dAoi3AdQk4k,https://www.youtube.com/watch?v=dAoi3AdQk4k,شرح صحيح مسلم,167,"المجلس (167) شرح صحيح مسلم ""كتاب صلاة المسافرين وقصرها"" (4)",2024-08-22,73,
Dg4x6k-BK4I,https://www.youtube.com/watch?v=Dg4x6k-BK4I,شرح صحيح مسلم,168,"المجلس (168) شرح صحيح مسلم ""كتاب صلاة المسافرين وقصرها"" (5)",2024-08-23,70,
TRThaK2ifXA,https://www.youtube.com/watch?v=TRThaK2ifXA,شرح صحيح مسلم,169,"المجلس (169) شرح صحيح مسلم ""كتاب صلاة المسافرين وقصرها"" (6)",2024-08-23,62,
AXnFBLAOORc,https://www.youtube.com/watch?v=AXnFBLAOORc,شرح صحيح مسلم,170,"المجلس (170) شرح صحيح مسلم ""كتاب صلاة المسافرين وقصرها"" (7)",2024-08-28,65,
i3tBRkJDOFs,https://www.youtube.com/watch?v=i3tBRkJDOFs,شرح صحيح مسلم,171,"المجلس (171) شرح صحيح مسلم ""كتاب صلاة المسافرين وقصرها"" (8)",2024-08-29,67,
gwh4mcsN6FE,https://www.youtube.com/watch?v=gwh4mcsN6FE,شرح صحيح مسلم,172,"المجلس (172) شرح صحيح مسلم ""كتاب صلاة المسافرين وقصرها"" (9)",2024-09-03,75,
6dBzUl_RJjA,https://www.youtube.com/watch?v=6dBzUl_RJjA,شرح صحيح مسلم,173,"المجلس (173) شرح صحيح مسلم ""كتاب صلاة المسافرين وقصرها""(10)",2024-09-12,74,
V7UFoE_Z1Vw,https://www.youtube.com/watch?v=V7UFoE_Z1Vw,شرح صحيح مسلم,174,"المجلس (174) شرح صحيح مسلم ""كتاب صلاة المسافرين وقصرها""(11)",2024-09-12,74,
a3zBVLx0fF0,https://www.youtube.com/watch?v=a3zBVLx0fF0,شرح صحيح مسلم,175,"المجلس (175) شرح صحيح مسلم ""كتاب صلاة المسافرين وقصرها""(12)",2024-09-19,72,
WmxTt_phcas,https://www.youtube.com/watch?v=WmxTt_phcas,شرح صحيح مسلم,176,"المجلس (176) شرح صحيح مسلم ""كتاب صلاة المسافرين وقصرها""(13)",2024-09-19,75,
WVBJort6XM4,https://www.youtube.com/watch?v=WVBJort6XM4,شرح صحيح مسلم,177,"المجلس (177) شرح صحيح مسلم ""كتاب صلاة المسافرين وقصرها""(14)",2024-09-19,72,
IvGNZcPZ3Go,https://www.youtube.com/watch?v=IvGNZcPZ3Go,شرح صحيح مسلم,178,"المجلس (178) شرح صحيح مسلم ""كتاب صلاة المسافرين وقصرها""(15)",2024-09-23,71,
aINLtQXrP9g,https://www.youtube.com/watch?v=aINLtQXrP9g,شرح صحيح مسلم,179,"المجلس (179) شرح صحيح مسلم ""كتاب صلاة المسافرين وقصرها""(16)",2024-09-25,75,
IZnzAy59Tvg,https://www.youtube.com/watch?v=IZnzAy59Tvg,شرح صحيح مسلم,180,"المجلس (180) شرح صحيح مسلم ""كتاب صلاة المسافرين وقصرها""(17)",2024-09-26,75,
sm2yK6bXxRA,https://www.youtube.com/watch?v=sm2yK6bXxRA,شرح صحيح مسلم,181,"المجلس (181) شرح صحيح مسلم ""كتاب صلاة المسافرين وقصرها""(18)",2024-10-01,72,
K6zFpyDBdF0,https://www.youtube.com/watch?v=K6zFpyDBdF0,شرح صحيح مسلم,182,"المجلس (182) شرح صحيح مسلم ""كتاب صلاة المسافرين وقصرها""(19)",2024-10-08,74,
rAF60pI2kUs,https://www.youtube.com/watch?v=rAF60pI2kUs,شرح صحيح مسلم,183,"المجلس (183) شرح صحيح مسلم ""كتاب صلاة المسافرين وقصرها""(20)",2024-10-08,74,
ckN8hsCHZlU,https://www.youtube.com/watch?v=ckN8hsCHZlU,شرح صحيح مسلم,184,"المجلس (184) شرح صحيح مسلم ""كتاب صلاة المسافرين وقصرها""(21)",2024-10-08,75,
X77qLXbscms,https://www.youtube.com/watch?v=X77qLXbscms,شرح صحيح مسلم,185,"المجلس (185) شرح صحيح مسلم ""كتاب صلاة المسافرين وقصرها""(22)",2024-10-14,75,
Xk5d90lD0IM,https://www.youtube.com/watch?v=Xk5d90lD0IM,شرح صحيح مسلم,186,"المجلس (186) شرح صحيح مسلم ""كتاب صلاة المسافرين وقصرها""(23)",2024-10-17,72,
-hNeZkHlb1k,https://www.youtube.com/watch?v=-hNeZkHlb1k,شرح صحيح مسلم,187,"المجلس (187) شرح صحيح مسلم ""كتاب صلاة المسافرين وقصرها""(24)",2024-10-24,74,
Ay7YRf_A--4,https://www.youtube.com/watch?v=Ay7YRf_A--4,شرح صحيح مسلم,188,"المجلس (188) شرح صحيح مسلم ""كتاب صلاة المسافرين وقصرها""(24)",2024-10-24,74,
xtjS33Mkhyc,https://www.youtube.com/watch?v=xtjS33Mkhyc,شرح صحيح مسلم,189,"المجلس (189) شرح صحيح مسلم ""كتاب صلاة المسافرين وقصرها""(25)",2024-10-26,73,
RmU9uP-rWgM,https://www.youtube.com/watch?v=RmU9uP-rWgM,شرح صحيح مسلم,190,"المجلس (190) شرح صحيح مسلم ""كتاب صلاة المسافرين وقصرها""(26)",2024-10-26,74,
JKHxzcZmSpw,https://www.youtube.com/watch?v=JKHxzcZmSpw,شرح صحيح مسلم,191,"المجلس (191) شرح صحيح مسلم ""كتاب صلاة المسافرين وقصرها""(27)",2024-10-28,74,
c8q6O0QuVOg,https://www.youtube.com/watch?v=c8q6O0QuVOg,شرح صحيح مسلم,192,"المجلس (192) شرح صحيح مسلم ""كتاب صلاة المسافرين وقصرها""(28)",2024-11-26,76,
o7QOkSyvq1I,https://www.youtube.com/watch?v=o7QOkSyvq1I,شرح صحيح مسلم,193,"المجلس (193) شرح صحيح مسلم ""كتاب صلاة المسافرين وقصرها""(29)",2024-11-26,74,
rPE73KRAkwQ,https://www.youtube.com/watch?v=rPE73KRAkwQ,شرح صحيح مسلم,194,"المجلس (194) شرح صحيح مسلم ""كتاب صلاة المسافرين وقصرها""(30)",2025-01-03,76,
d42RdyJl2GU,https://www.youtube.com/watch?v=d42RdyJl2GU,شرح صحيح مسلم,195,"المجلس (195) شرح صحيح مسلم ""كتاب صلاة المسافرين وقصرها""(31)",2025-01-03,76,
LLNzN9o2UQ8,https://www.youtube.com/watch?v=LLNzN9o2UQ8,شرح صحيح مسلم,196,"المجلس (196) شرح صحيح مسلم ""كتاب صلاة المسافرين وقصرها""(32)",2025-01-03,76,
teJCTos7nRg,https://www.youtube.com/watch?v=teJCTos7nRg,شرح صحيح مسلم,197,"المجلس (197) شرح صحيح مسلم ""كتاب الجمعة""(1)",2025-01-06,77,
zH6WhwpUDe4,https://www.youtube.com/watch?v=zH6WhwpUDe4,شرح صحيح مسلم,198,"المجلس (198) شرح صحيح مسلم ""كتاب الجمعة""(2)",2025-01-10,54,
FrdZrOgeZOU,https://www.youtube.com/watch?v=FrdZrOgeZOU,شرح صحيح مسلم,199,"المجلس (199) شرح صحيح مسلم ""كتاب الجمعة""(3)",2025-01-14,71,
coFe9pvG_GE,https://www.youtube.com/watch?v=coFe9pvG_GE,شرح صحيح مسلم,200,"المجلس (200) شرح صحيح مسلم ""كتاب الجمعة""(4)",2025-01-22,73,
U_eLjc6pDXI,https://www.youtube.com/watch?v=U_eLjc6pDXI,شرح صحيح مسلم,201,"المجلس (201) شرح صحيح مسلم ""كتاب الجمعة""(5)",2025-01-22,120,
nfNAivRQYQg,https://www.youtube.com/watch?v=nfNAivRQYQg,شرح صحيح مسلم,202,"المجلس (202) شرح صحيح مسلم ""كتاب الجمعة""(6)",2025-01-22,73,
WOET8Y7VnHg,https://www.youtube.com/watch?v=WOET8Y7VnHg,شرح صحيح مسلم,203,"المجلس (203) شرح صحيح مسلم ""كتاب الجمعة""(7)",2025-01-25,77,
hKU0K6MX9tY,https://www.youtube.com/watch?v=hKU0K6MX9tY,شرح صحيح مسلم,204,"المجلس (204) شرح صحيح مسلم ""كتاب الجمعة""(8)",2025-01-25,77,
v7WTu8s9dFw,https://www.youtube.com/watch?v=v7WTu8s9dFw,شرح صحيح مسلم,205,"المجلس (205) شرح صحيح مسلم ""كتاب الجمعة""(9)",2025-02-01,76,
g6GRwH1GgHo,https://www.youtube.com/watch?v=g6GRwH1GgHo,شرح صحيح مسلم,206,"المجلس (206) شرح صحيح مسلم ""كتاب صلاة العيدين ""(1)",2025-02-04,72,
NmsL1xgNFI0,https://www.youtube.com/watch?v=NmsL1xgNFI0,شرح صحيح مسلم,207,"المجلس (207) شرح صحيح مسلم ""كتاب صلاة العيدين ""(2)",2025-02-07,74,
pmCxWJMHInQ,https://www.youtube.com/watch?v=pmCxWJMHInQ,شرح صحيح مسلم,208,"المجلس (208) شرح صحيح مسلم ""كتاب صلاة الاستسقاء ""(1)",2025-02-07,66,
4a-_tAJPZwk,https://www.youtube.com/watch?v=4a-_tAJPZwk,شرح صحيح مسلم,209,"المجلس (209) شرح صحيح مسلم ""كتاب صلاة الاستسقاء ""(2)",2025-02-23,76,
wY7i5FphPd8,https://www.youtube.com/watch?v=wY7i5FphPd8,شرح صحيح مسلم,210,"المجلس (210) شرح صحيح مسلم ""كتاب صلاة الكسوف ""(2)",2025-02-24,76,
WEbC8HHdkec,https://www.youtube.com/watch?v=WEbC8HHdkec,شرح صحيح مسلم,211,"المجلس (211) شرح صحيح مسلم ""كتاب صلاة الكسوف ""(3)",2025-02-24,66,
-vxZwuuB45I,https://www.youtube.com/watch?v=-vxZwuuB45I,شرح صحيح مسلم,212,"المجلس (212) شرح صحيح مسلم ""كتاب صلاة الكسوف ""(4)",2025-02-24,75,
2BuMSr55is4,https://www.youtube.com/watch?v=2BuMSr55is4,شرح صحيح مسلم,213,"المجلس (213) شرح صحيح مسلم ""كتاب الجنائز ""(2)",2025-02-24,74,
gEkJnl3_WT0,https://www.youtube.com/watch?v=gEkJnl3_WT0,شرح صحيح مسلم,214,"المجلس (214) شرح صحيح مسلم ""كتاب الجنائز ""(3)",2025-03-06,74,
hQiYYtz14_E,https://www.youtube.com/watch?v=hQiYYtz14_E,شرح صحيح مسلم,215,"المجلس (215) شرح صحيح مسلم ""كتاب الجنائز ""(4)",2025-03-07,98,
V6_9ruw54oo,https://www.youtube.com/watch?v=V6_9ruw54oo,شرح صحيح مسلم,216,"المجلس (216) شرح صحيح مسلم ""كتاب الجنائز ""(5)",2025-03-07,104,
09ooWhG6-K8,https://www.youtube.com/watch?v=09ooWhG6-K8,شرح صحيح مسلم,217,"المجلس (217) شرح صحيح مسلم ""كتاب الجنائز ""(6)",2025-03-17,100,
MxzJkyVAydk,https://www.youtube.com/watch?v=MxzJkyVAydk,شرح صحيح مسلم,218,"المجلس (218) شرح صحيح مسلم ""كتاب الجنائز ""(7)",2025-03-17,85,
f_wd9CmkYLU,https://www.youtube.com/watch?v=f_wd9CmkYLU,شرح صحيح مسلم,219,"المجلس (219) شرح صحيح مسلم ""كتاب الجنائز ""(8)",2025-03-17,97,
cjxgZ-8jgCg,https://www.youtube.com/watch?v=cjxgZ-8jgCg,شرح صحيح مسلم,220,"المجلس (220) شرح صحيح مسلم ""كتاب الجنائز ""(9)",2025-03-17,97,
sGGnG8zvA8U,https://www.youtube.com/watch?v=sGGnG8zvA8U,شرح صحيح مسلم,221,"المجلس (221) شرح صحيح مسلم ""كتاب الجنائز ""(10)",2025-04-12,105,
LNvBDSrcUT4,https://www.youtube.com/watch?v=LNvBDSrcUT4,شرح صحيح مسلم,223,"المجلس (223) شرح صحيح مسلم ""كتاب الزكاة ""(01)",2025-04-12,75,
AJqQRiT_2b0,https://www.youtube.com/watch?v=AJqQRiT_2b0,شرح صحيح مسلم,224,"المجلس (224) شرح صحيح مسلم ""كتاب الزكاة ""(02)",2025-04-12,73,
kaq_YtO76wE,https://www.youtube.com/watch?v=kaq_YtO76wE,شرح صحيح مسلم,225,"المجلس (225) شرح صحيح مسلم ""كتاب الزكاة ""(03)",2025-06-19,65,
CWa9VV2JIqE,https://www.youtube.com/watch?v=CWa9VV2JIqE,شرح صحيح مسلم,226,"المجلس (226) شرح صحيح مسلم ""كتاب الزكاة ""(04)",2025-06-19,72,
q095CURwMUo,https://www.youtube.com/watch?v=q095CURwMUo,شرح صحيح مسلم,227,"المجلس (227) شرح صحيح مسلم ""كتاب الزكاة ""(05)",2025-06-28,50,
Zc58H8NSsd8,https://www.youtube.com/watch?v=Zc58H8NSsd8,شرح صحيح مسلم,228,"المجلس (228) شرح صحيح مسلم ""كتاب الزكاة ""(06)",2025-06-28,64,
SDZjdvSTeW4,https://www.youtube.com/watch?v=SDZjdvSTeW4,شرح صحيح مسلم,229,"المجلس (229) شرح صحيح مسلم ""كتاب الزكاة ""(07)",2025-06-28,70,
bz2lhmOWZMU,https://www.youtube.com/watch?v=bz2lhmOWZMU,شرح صحيح مسلم,230,"المجلس (230) شرح صحيح مسلم ""كتاب الزكاة ""(08)",2025-07-04,67,
pFtbRVWjkd8,https://www.youtube.com/watch?v=pFtbRVWjkd8,شرح صحيح مسلم,231,"المجلس (231) شرح صحيح مسلم ""كتاب الزكاة ""(09)",2025-07-04,76,
5UQMKtMqNCU,https://www.youtube.com/watch?v=5UQMKtMqNCU,شرح صحيح مسلم,232,"المجلس (232) شرح صحيح مسلم ""كتاب الزكاة ""(10)",2025-07-06,70,
d2ZSNkF-U4E,https://www.youtube.com/watch?v=d2ZSNkF-U4E,شرح صحيح مسلم,233,"المجلس (233) شرح صحيح مسلم ""كتاب الزكاة ""(11)",2025-07-10,76,
U-UAdrWi4UY,https://www.youtube.com/watch?v=U-UAdrWi4UY,شرح صحيح مسلم,234,"المجلس (234) شرح صحيح مسلم ""كتاب الزكاة ""(12)",2025-07-11,66,
mBJuYDGmXLU,https://www.youtube.com/watch?v=mBJuYDGmXLU,شرح صحيح مسلم,235,"المجلس (235) شرح صحيح مسلم ""كتاب الزكاة ""(13)",2025-07-13,79,
T-VyIgTafxs,https://www.youtube.com/watch?v=T-VyIgTafxs,شرح صحيح مسلم,236,"المجلس (236) شرح صحيح مسلم ""كتاب الزكاة ""(14)",2025-07-17,74,
zbgK7XThx1c,https://www.youtube.com/watch?v=zbgK7XThx1c,شرح صحيح مسلم,237,"المجلس (237) شرح صحيح مسلم ""كتاب الزكاة ""(15)",2025-07-17,73,
IADlLKRVnzo,https://www.youtube.com/watch?v=IADlLKRVnzo,شرح صحيح مسلم,238,"المجلس (238) شرح صحيح مسلم ""كتاب الزكاة ""(16)",2025-07-20,73,
jXAHHXECHtQ,https://www.youtube.com/watch?v=jXAHHXECHtQ,شرح صحيح مسلم,239,"المجلس (239) شرح صحيح مسلم ""كتاب الزكاة ""(17)",2025-07-26,74,
oriHzsFNC_U,https://www.youtube.com/watch?v=oriHzsFNC_U,شرح صحيح مسلم,240,"المجلس (240) شرح صحيح مسلم ""كتاب الزكاة ""(18)",2025-08-03,75,
2ryeFJ3TfcE,https://www.youtube.com/watch?v=2ryeFJ3TfcE,شرح صحيح مسلم,241,"المجلس (241) شرح صحيح مسلم ""كتاب الزكاة ""(19)",2025-08-09,73,
-fe75Sf5YhI,https://www.youtube.com/watch?v=-fe75Sf5YhI,شرح صحيح مسلم,242,"المجلس (242) شرح صحيح مسلم ""كتاب الزكاة ""(20)",2025-08-21,76,
Ndv6Li06S3M,https://www.youtube.com/watch?v=Ndv6Li06S3M,شرح صحيح مسلم,243,"المجلس (243) شرح صحيح مسلم ""كتاب الزكاة ""(21)",2025-08-21,76,
oM1GjC1hvdI,https://www.youtube.com/watch?v=oM1GjC1hvdI,شرح صحيح مسلم,244,"المجلس (244) شرح صحيح مسلم ""كتاب الزكاة ""(22)",2025-08-21,75,
1AV_QDsR-cA,https://www.youtube.com/watch?v=1AV_QDsR-cA,شرح صحيح مسلم,245,"المجلس (245) شرح صحيح مسلم ""كتاب الزكاة ""(23)",2025-08-22,82,
0TsR_1BdyLQ,https://www.youtube.com/watch?v=0TsR_1BdyLQ,شرح صحيح مسلم,246,"المجلس (246) شرح صحيح مسلم ""كتاب الحج ""(1)",2025-08-24,77,
Ec0BrcECZXE,https://www.youtube.com/watch?v=Ec0BrcECZXE,شرح صحيح مسلم,247,"المجلس (247) شرح صحيح مسلم ""كتاب الحج ""(2)",2025-08-28,70,
ODVX1xAN2C8,https://www.youtube.com/watch?v=ODVX1xAN2C8,شرح صحيح مسلم,248,"المجلس (248) شرح صحيح مسلم ""كتاب الحج ""(3)",2025-08-28,71,
vU9h60PRHDM,https://www.youtube.com/watch?v=vU9h60PRHDM,شرح صحيح مسلم,249,"المجلس (249) شرح صحيح مسلم ""كتاب الحج ""(4)",2025-08-31,71,
q2IELMhZFG0,https://www.youtube.com/watch?v=q2IELMhZFG0,شرح صحيح مسلم,250,"المجلس (250) شرح صحيح مسلم ""كتاب الحج ""(5)",2025-09-04,75,
gpguSOiES7s,https://www.youtube.com/watch?v=gpguSOiES7s,شرح صحيح مسلم,251,"المجلس (251) شرح صحيح مسلم ""كتاب الحج ""(6)",2025-09-08,76,
PVA7pNtL9to,https://www.youtube.com/watch?v=PVA7pNtL9to,شرح صحيح مسلم,252,"المجلس (252) شرح صحيح مسلم ""كتاب الحج ""(7)",2025-09-08,76,
bsPuOF8yNlQ,https://www.youtube.com/watch?v=bsPuOF8yNlQ,شرح صحيح مسلم,253,"المجلس (253) شرح صحيح مسلم ""كتاب الحج ""(8)",2025-09-11,75,
7JhIwQB7VKY,https://www.youtube.com/watch?v=7JhIwQB7VKY,شرح صحيح مسلم,254,"المجلس (254) شرح صحيح مسلم ""كتاب الحج ""(9)",2025-09-21,76,
VZyc3r_RvYY,https://www.youtube.com/watch?v=VZyc3r_RvYY,شرح صحيح مسلم,255,"المجلس (255) شرح صحيح مسلم ""كتاب الحج ""(10)",2025-09-21,72,
jW5-RFG9Fvo,https://www.youtube.com/watch?v=jW5-RFG9Fvo,شرح صحيح مسلم,256,"المجلس (256) شرح صحيح مسلم ""كتاب الحج ""(11)",2025-09-21,73,
uf6mfNiysM8,https://www.youtube.com/watch?v=uf6mfNiysM8,شرح صحيح مسلم,257,"المجلس (257) شرح صحيح مسلم ""كتاب الحج ""(12)",2025-09-25,75,
eJqEM1Idm28,https://www.youtube.com/watch?v=eJqEM1Idm28,شرح صحيح مسلم,258,"المجلس (258) شرح صحيح مسلم ""كتاب الحج ""(13)",2025-09-25,74,
NfqHomWzX2E,https://www.youtube.com/watch?v=NfqHomWzX2E,شرح صحيح مسلم,259,"المجلس (259) شرح صحيح مسلم ""كتاب الحج ""(14)",2025-09-28,72,
5d3mcqjlzMU,https://www.youtube.com/watch?v=5d3mcqjlzMU,شرح صحيح مسلم,260,"المجلس (260) شرح صحيح مسلم ""كتاب الحج ""(15)",2025-10-03,74,
IfmAoE2hcJc,https://www.youtube.com/watch?v=IfmAoE2hcJc,شرح صحيح مسلم,261,"المجلس (261) شرح صحيح مسلم ""كتاب الحج ""(16)",2025-10-03,76,
88tYypVO9WA,https://www.youtube.com/watch?v=88tYypVO9WA,شرح صحيح مسلم,262,"المجلس (262) شرح صحيح مسلم ""كتاب الحج ""(17)",2025-10-05,74,
un3dFOF_FF4,https://www.youtube.com/watch?v=un3dFOF_FF4,شرح صحيح مسلم,263,"المجلس (263) شرح صحيح مسلم ""كتاب الحج ""(18)",2025-10-10,74,
lpXRNKLv2BQ,https://www.youtube.com/watch?v=lpXRNKLv2BQ,شرح صحيح مسلم,264,"المجلس (264) شرح صحيح مسلم ""كتاب الحج ""(19)",2025-10-10,71,
5opeSmtpAp4,https://www.youtube.com/watch?v=5opeSmtpAp4,شرح صحيح مسلم,265,"المجلس (265) شرح صحيح مسلم ""كتاب الحج ""(20)",2025-10-12,74,
LNo6f64p4-E,https://www.youtube.com/watch?v=LNo6f64p4-E,شرح صحيح مسلم,266,"المجلس (266) شرح صحيح مسلم ""كتاب الحج ""(21)",2025-10-19,72,
F64kXGht6ws,https://www.youtube.com/watch?v=F64kXGht6ws,شرح صحيح مسلم,267,"المجلس (267) شرح صحيح مسلم ""كتاب الحج ""(22)",2025-10-19,73,
4BPxZrrOzY0,https://www.youtube.com/watch?v=4BPxZrrOzY0,شرح صحيح مسلم,268,"المجلس (268) شرح صحيح مسلم ""كتاب الحج ""(23)",2025-10-19,71,
9c4PSmrYsOc,https://www.youtube.com/watch?v=9c4PSmrYsOc,شرح صحيح مسلم,269,"المجلس (269) شرح صحيح مسلم ""كتاب الحج ""(24)",2025-10-28,73,
6Q3eyZSVma8,https://www.youtube.com/watch?v=6Q3eyZSVma8,شرح صحيح مسلم,270,"المجلس (270) شرح صحيح مسلم ""كتاب الحج ""(25)",2025-10-30,71,
ohBAdTQzR6I,https://www.youtube.com/watch?v=ohBAdTQzR6I,شرح صحيح مسلم,271,"المجلس (271) شرح صحيح مسلم ""كتاب الحج ""(26)",2025-11-08,73,
r-pnkG3D5sw,https://www.youtube.com/watch?v=r-pnkG3D5sw,شرح صحيح مسلم,272,"المجلس (272) شرح صحيح مسلم ""كتاب الحج ""(27)",2025-11-08,71,
A2nUx-3phkk,https://www.youtube.com/watch?v=A2nUx-3phkk,شرح صحيح مسلم,273,"المجلس (273) شرح صحيح مسلم ""كتاب الحج ""(28)",2025-11-08,70,
XyTmVxx0YwI,https://www.youtube.com/watch?v=XyTmVxx0YwI,شرح صحيح مسلم,274,"المجلس (274) شرح صحيح مسلم ""كتاب الحج ""(29)",2025-11-17,76,
yuEy0n_6PcA,https://www.youtube.com/watch?v=yuEy0n_6PcA,شرح صحيح مسلم,275,"المجلس (275) شرح صحيح مسلم ""كتاب الحج ""(30)",2025-11-17,75,
JXnhoO7mbqY,https://www.youtube.com/watch?v=JXnhoO7mbqY,شرح صحيح مسلم,276,"المجلس (276) شرح صحيح مسلم ""كتاب الحج ""(31)",2025-11-17,75,
6Re5iw3sFaQ,https://www.youtube.com/watch?v=6Re5iw3sFaQ,شرح صحيح مسلم,277,"المجلس (277) شرح صحيح مسلم ""كتاب الحج ""(32)",2025-12-07,73,
fXZSa7j-dBs,https://www.youtube.com/watch?v=fXZSa7j-dBs,شرح صحيح مسلم,278,"المجلس (278) شرح صحيح مسلم ""كتاب الحج ""(33)",2025-12-07,72,
gQkt-yvCWBc,https://www.youtube.com/watch?v=gQkt-yvCWBc,شرح صحيح مسلم,279,"المجلس (279) شرح صحيح مسلم ""كتاب الحج ""(34)",2025-12-07,72,
bEC60G7QDxY,https://www.youtube.com/watch?v=bEC60G7QDxY,شرح صحيح مسلم,280,"المجلس (280) شرح صحيح مسلم ""كتاب الحج ""(35)",2025-12-07,74,
JpASvukH9nk,https://www.youtube.com/watch?v=JpASvukH9nk,شرح صحيح مسلم,281,"المجلس (281) شرح صحيح مسلم ""كتاب الحج ""(36)",2025-12-15,78,
1fjKnAukNHk,https://www.youtube.com/watch?v=1fjKnAukNHk,شرح صحيح مسلم,282,"المجلس (282) شرح صحيح مسلم ""كتاب الحج ""(37)",2025-12-15,77,
A_w6-CNbYmU,https://www.youtube.com/watch?v=A_w6-CNbYmU,شرح صحيح مسلم,283,"المجلس (283) شرح صحيح مسلم ""كتاب الحج ""(38)",2025-12-15,77,
Emw_aVm_MoI,https://www.youtube.com/watch?v=Emw_aVm_MoI,شرح صحيح مسلم,284,"المجلس (284) شرح صحيح مسلم ""كتاب الحج ""(39)",2025-12-17,74,
WRy__Wjb9Fc,https://www.youtube.com/watch?v=WRy__Wjb9Fc,شرح صحيح مسلم,285,"المجلس (285) شرح صحيح مسلم ""كتاب الحج ""(40)",2025-12-22,73,
Iyg2sE4GMg4,https://www.youtube.com/watch?v=Iyg2sE4GMg4,شرح صحيح مسلم,286,"المجلس (286) شرح صحيح مسلم ""كتاب الحج ""(41)",2025-12-22,72,
dsi5rJgtvgg,https://www.youtube.com/watch?v=dsi5rJgtvgg,شرح صحيح مسلم,287,"المجلس (287) شرح صحيح مسلم ""كتاب الحج ""(42)",2025-12-27,72,
KHtoGEtbTfE,https://www.youtube.com/watch?v=KHtoGEtbTfE,شرح صحيح مسلم,288,"المجلس (288) شرح صحيح مسلم ""كتاب الحج ""(43)",2025-12-28,73,
uK1jinNAWQM,https://www.youtube.com/watch?v=uK1jinNAWQM,شرح صحيح مسلم,289,"المجلس (289) شرح صحيح مسلم ""كتاب الحج ""(44)",2026-01-06,72,
PgHdXgOZOFo,https://www.youtube.com/watch?v=PgHdXgOZOFo,شرح صحيح مسلم,290,"المجلس (290) شرح صحيح مسلم ""كتاب الحج ""(45)",2026-01-06,75,
bdvsHUz7Guk,https://www.youtube.com/watch?v=bdvsHUz7Guk,شرح صحيح مسلم,290,"المجلس (290) شرح صحيح مسلم ""كتاب الحج ""(45)",2026-01-08,75,
EDzFZSDGN8U,https://www.youtube.com/watch?v=EDzFZSDGN8U,شرح صحيح مسلم,291,"المجلس (291) شرح صحيح مسلم ""كتاب الحج ""(46)",2026-01-11,75,
ePSc_zThNKM,https://www.youtube.com/watch?v=ePSc_zThNKM,شرح صحيح مسلم,292,"المجلس (292) شرح صحيح مسلم ""كتاب الحج ""(47)",2026-01-11,72,
sJpqstRF36A,https://www.youtube.com/watch?v=sJpqstRF36A,شرح صحيح مسلم,293,"المجلس (293) شرح صحيح مسلم ""كتاب الحج ""(48)",2026-01-11,73,
ypyhJEfnYbM,https://www.youtube.com/watch?v=ypyhJEfnYbM,شرح صحيح مسلم,294,"المجلس (294) شرح صحيح مسلم ""كتاب الحج ""(49)",2026-01-15,74,
Rhbx9MPQktk,https://www.youtube.com/watch?v=Rhbx9MPQktk,شرح صحيح مسلم,295,"المجلس (295) شرح صحيح مسلم ""كتاب الحج ""(50)",2026-01-17,69,
GenoRGeefYs,https://www.youtube.com/watch?v=GenoRGeefYs,شرح صحيح مسلم,296,"المجلس (296) شرح صحيح مسلم ""كتاب الحج ""(51)",2026-01-17,73,
uM237ProBks,https://www.youtube.com/watch?v=uM237ProBks,شرح صحيح مسلم,297,"المجلس (297) شرح صحيح مسلم ""كتاب الحج ""(52)",2026-01-26,73,
w6myT7cWs0Y,https://www.youtube.com/watch?v=w6myT7cWs0Y,شرح صحيح مسلم,298,"المجلس (298) شرح صحيح مسلم ""كتاب الحج ""(53)",2026-01-26,73,
1V67jWktax0,https://www.youtube.com/watch?v=1V67jWktax0,شرح صحيح مسلم,299,"المجلس (299) شرح صحيح مسلم ""كتاب الحج ""(54)",2026-02-03,71,
_3ENSbuBy6k,https://www.youtube.com/watch?v=_3ENSbuBy6k,شرح صحيح مسلم,300,"المجلس (300) شرح صحيح مسلم ""كتاب النكاح ""(1)",2026-06-14,72,
EXd1dkbJF-c,https://www.youtube.com/watch?v=EXd1dkbJF-c,شرح صحيح مسلم,301,"المجلس (301) شرح صحيح مسلم ""كتاب النكاح ""(2)",2026-02-03,73,
f4Ih4Z97mnU,https://www.youtube.com/watch?v=f4Ih4Z97mnU,شرح صحيح مسلم,302,"المجلس (302) شرح صحيح مسلم ""كتاب النكاح ""(3)",2026-02-05,74,
fbrhzU3i8ok,https://www.youtube.com/watch?v=fbrhzU3i8ok,شرح صحيح مسلم,303,"المجلس (303) شرح صحيح مسلم ""كتاب النكاح ""(4)",2026-02-07,73,
w6Gg4Gt47mU,https://www.youtube.com/watch?v=w6Gg4Gt47mU,شرح صحيح مسلم,304,"المجلس (304) شرح صحيح مسلم ""كتاب النكاح ""(5)",2026-02-07,74,
ZAatx5jG4bQ,https://www.youtube.com/watch?v=ZAatx5jG4bQ,شرح صحيح مسلم,305,"المجلس (305) شرح صحيح مسلم ""كتاب النكاح ""(6)",2026-02-12,74,
bfIpztyBjeg,https://www.youtube.com/watch?v=bfIpztyBjeg,شرح صحيح مسلم,306,"المجلس (306) شرح صحيح مسلم ""كتاب النكاح ""(7)",2026-02-16,72,
k2Gw7rCq6rY,https://www.youtube.com/watch?v=k2Gw7rCq6rY,شرح صحيح مسلم,307,"المجلس (307) شرح صحيح مسلم ""كتاب النكاح ""(8)",2026-02-24,73,
Q38B1dGiIV0,https://www.youtube.com/watch?v=Q38B1dGiIV0,شرح صحيح مسلم,308,"المجلس (308) شرح صحيح مسلم ""كتاب النكاح ""(9)",2026-02-24,76,
M48MwCFx_58,https://www.youtube.com/watch?v=M48MwCFx_58,شرح صحيح مسلم,309,"المجلس (309) شرح صحيح مسلم ""كتاب النكاح ""(10)",2026-02-24,94,
X0alCmsfSRw,https://www.youtube.com/watch?v=X0alCmsfSRw,شرح صحيح مسلم,310,"المجلس (310) شرح صحيح مسلم ""كتاب النكاح ""(11)",2026-02-24,88,
YR0ejl2FrhA,https://www.youtube.com/watch?v=YR0ejl2FrhA,شرح صحيح مسلم,311,"المجلس (311) شرح صحيح مسلم ""كتاب النكاح ""(12)",2026-02-26,94,
4iTheWWgyXA,https://www.youtube.com/watch?v=4iTheWWgyXA,شرح صحيح مسلم,312,"المجلس (312) شرح صحيح مسلم ""كتاب النكاح ""(13)",2026-02-27,92,
l6mwwHN9PkE,https://www.youtube.com/watch?v=l6mwwHN9PkE,شرح صحيح مسلم,313,"المجلس (313) شرح صحيح مسلم ""كتاب النكاح ""(14)",2026-03-02,88,
LtOYxoP1fhU,https://www.youtube.com/watch?v=LtOYxoP1fhU,شرح صحيح مسلم,314,"المجلس (314) شرح صحيح مسلم ""كتاب النكاح ""(15)",2026-03-06,99,
l64qg3zxiNY,https://www.youtube.com/watch?v=l64qg3zxiNY,شرح صحيح مسلم,315,"المجلس (315) شرح صحيح مسلم ""كتاب النكاح ""(16)",2026-03-06,93,
oTr0RFm-2OQ,https://www.youtube.com/watch?v=oTr0RFm-2OQ,شرح صحيح مسلم,316,"المجلس (316) شرح صحيح مسلم ""كتاب النكاح ""(17)",2026-03-23,82,
I2aGRTaTYcA,https://www.youtube.com/watch?v=I2aGRTaTYcA,شرح صحيح مسلم,317,"المجلس (317) شرح صحيح مسلم ""كتاب النكاح ""(18)",2026-03-25,73,
zhmtff7c5Ok,https://www.youtube.com/watch?v=zhmtff7c5Ok,شرح صحيح مسلم,318,"المجلس (318) شرح صحيح مسلم ""كتاب النكاح ""(19)",2026-03-27,72,
aov0Sgv7TH8,https://www.youtube.com/watch?v=aov0Sgv7TH8,شرح صحيح مسلم,319,"المجلس (319) شرح صحيح مسلم ""كتاب النكاح ""(20)",2026-03-28,72,
yrUYiZ4cHMc,https://www.youtube.com/watch?v=yrUYiZ4cHMc,شرح صحيح مسلم,320,"المجلس (320) شرح صحيح مسلم ""كتاب النكاح ""(21)",2026-04-02,76,
GB5sgRM0tfc,https://www.youtube.com/watch?v=GB5sgRM0tfc,شرح صحيح مسلم,321,"المجلس (321) شرح صحيح مسلم ""كتاب النكاح ""(22)",2026-04-06,62,
b5DF25ch1RA,https://www.youtube.com/watch?v=b5DF25ch1RA,شرح صحيح مسلم,322,"المجلس (322) شرح صحيح مسلم ""كتاب النكاح ""(23)",2026-04-06,74,
F4Hyzdie5Hc,https://www.youtube.com/watch?v=F4Hyzdie5Hc,شرح صحيح مسلم,323,"المجلس (323) شرح صحيح مسلم ""كتاب النكاح ""(24)",2026-04-11,74,
Sh4DCbIxxSw,https://www.youtube.com/watch?v=Sh4DCbIxxSw,شرح صحيح مسلم,324,"المجلس (324) شرح صحيح مسلم ""كتاب النكاح ""(25)",2026-04-11,71,
Sniq9CiFo9k,https://www.youtube.com/watch?v=Sniq9CiFo9k,شرح صحيح مسلم,325,"المجلس (325) شرح صحيح مسلم ""كتاب النكاح ""(26)",2026-04-11,72,
isNxltNtUnU,https://www.youtube.com/watch?v=isNxltNtUnU,شرح صحيح مسلم,326,"المجلس (326) شرح صحيح مسلم ""كتاب النكاح ""(27)",2026-04-16,75,
6jfcxEHFnjE,https://www.youtube.com/watch?v=6jfcxEHFnjE,شرح صحيح مسلم,327,"المجلس (327) شرح صحيح مسلم ""كتاب النكاح ""(28)",2026-04-17,76,
xD0ul1d1l8I,https://www.youtube.com/watch?v=xD0ul1d1l8I,شرح صحيح مسلم,328,"المجلس (328) شرح صحيح مسلم ""كتاب النكاح ""(29)",2026-06-07,73,
qJQK-5O6L_c,https://www.youtube.com/watch?v=qJQK-5O6L_c,شرح صحيح مسلم,329,"المجلس (329) شرح صحيح مسلم ""كتاب النكاح ""(30)",2026-06-05,67,
3XYGgAPpEWo,https://www.youtube.com/watch?v=3XYGgAPpEWo,شرح صحيح مسلم,330,"المجلس (330) شرح صحيح مسلم ""كتاب النكاح - اللعان ""(1)",2026-06-07,71,
b-1uSj2Vc8A,https://www.youtube.com/watch?v=b-1uSj2Vc8A,شرح صحيح مسلم,331,"المجلس (331) شرح صحيح مسلم ""كتاب النكاح - اللعان ""(2)",2026-06-14,73,
uToKmKz_s6s,https://www.youtube.com/watch?v=uToKmKz_s6s,شرح صحيح مسلم,332,"المجلس (332) شرح صحيح مسلم ""كتاب النكاح - اللعان ""(3)",2026-06-14,72,
DMx3HrLSX6k,https://www.youtube.com/watch?v=DMx3HrLSX6k,شرح صحيح مسلم,333,"المجلس (333) شرح صحيح مسلم ""كتاب النكاح - اللعان ""(4)",2026-06-19,69,
f4AnIocb8oQ,https://www.youtube.com/watch?v=f4AnIocb8oQ,شرح صحيح مسلم,334,"المجلس (334) شرح صحيح مسلم ""كتاب النكاح - اللعان ""(5)",2026-06-19,71,
hvfbjeeXikQ,https://www.youtube.com/watch?v=hvfbjeeXikQ,شرح صحيح مسلم,335,"المجلس (335) شرح صحيح مسلم ""كِتَابُ الْبُيُوعِ "" (1)",2026-06-23,74,
tHrkwH-uC_E,https://www.youtube.com/watch?v=tHrkwH-uC_E,شرح صحيح مسلم,336,"المجلس (336) شرح صحيح مسلم ""كِتَابُ الْبُيُوعِ "" (2)",2026-06-25,75,
BhEkesp3Uac,https://www.youtube.com/watch?v=BhEkesp3Uac,شرح صحيح مسلم,337,"المجلس (337) شرح صحيح مسلم ""كِتَابُ الْبُيُوعِ "" (3)",2026-06-28,73,
2eQjPMuwmTQ,https://www.youtube.com/watch?v=2eQjPMuwmTQ,شرح صحيح مسلم,338,"المجلس (338) شرح صحيح مسلم ""كِتَابُ الْبُيُوعِ "" (4)",2026-06-28,73,
na0PRcP8uI0,https://www.youtube.com/watch?v=na0PRcP8uI0,شرح صحيح مسلم,339,"المجلس (339) شرح صحيح مسلم ""كِتَابُ الْبُيُوعِ "" (5)",2026-07-06,61,
oWfg5sbY9mM,https://www.youtube.com/watch?v=oWfg5sbY9mM,شرح صحيح مسلم,339,"المجلس (339) شرح صحيح مسلم ""كِتَابُ الْبُيُوعِ "" (5)",2026-07-16,75,
AwQsy98xo4c,https://www.youtube.com/watch?v=AwQsy98xo4c,شرح صحيح مسلم,340,"المجلس (340) شرح صحيح مسلم ""كِتَابُ الْبُيُوعِ "" (6)",2026-07-06,72,
nRm8VMrwhwY,https://www.youtube.com/watch?v=nRm8VMrwhwY,شرح صحيح مسلم,341,"المجلس (341) شرح صحيح مسلم ""كِتَابُ الْبُيُوعِ "" (7)",2026-07-06,76,
3MfBYDepNMk,https://www.youtube.com/watch?v=3MfBYDepNMk,شرح صحيح مسلم,342,"المجلس (342) شرح صحيح مسلم ""كِتَابُ الْبُيُوعِ "" (8)",2026-07-09,73,
dDyd1piiU5w,https://www.youtube.com/watch?v=dDyd1piiU5w,شرح صحيح مسلم,343,"المجلس (343) شرح صحيح مسلم ""كِتَابُ الْبُيُوعِ "" (9)",2026-07-09,74,
_sGA_ZmyneA,https://www.youtube.com/watch?v=_sGA_ZmyneA,شرح صحيح مسلم,344,"المجلس (344) شرح صحيح مسلم ""كِتَابُ الْبُيُوعِ "" (10)",2026-07-15,73,
IzO9Ky9yTz0,https://www.youtube.com/watch?v=IzO9Ky9yTz0,شرح صحيح مسلم,345,"المجلس (345) شرح صحيح مسلم ""كِتَابُ الْبُيُوعِ "" (11)",2026-07-16,73,
T0BRSSEweAs,https://www.youtube.com/watch?v=T0BRSSEweAs,شرح صحيح مسلم,346,"المجلس (346) شرح صحيح مسلم ""كِتَابُ الْبُيُوعِ "" (12)",2026-07-19,72,
XLDZpzs2_xM,https://www.youtube.com/watch?v=XLDZpzs2_xM,شرح صحيح مسلم,347,"المجلس (347) شرح صحيح مسلم ""كِتَابُ الْبُيُوعِ "" (13)",2026-08-06,56,
hUqBa-owrRo,https://www.youtube.com/watch?v=hUqBa-owrRo,شرح صحيح مسلم,348,"المجلس (348) شرح صحيح مسلم ""كِتَابُ الْبُيُوعِ "" (14)",2026-08-06,33,
GwAy_mZmCL8,https://www.youtube.com/watch?v=GwAy_mZmCL8,شرح صحيح مسلم,349,"المجلس (349) شرح صحيح مسلم ""كِتَابُ الْبُيُوعِ "" (15)",2026-08-18,70,
WrpfnYmCWNc,https://www.youtube.com/watch?v=WrpfnYmCWNc,شرح صحيح مسلم,350,"المجلس (350) شرح صحيح مسلم ""كِتَابُ المساقاة"" (1)",2026-08-06,75,
wBUEUwS9jJE,https://www.youtube.com/watch?v=wBUEUwS9jJE,شرح صحيح مسلم,351,"المجلس (351) شرح صحيح مسلم ""كِتَابُ المساقاة"" (2)",2026-08-06,75,
OeQenlL9UWM,https://www.youtube.com/watch?v=OeQenlL9UWM,شرح صحيح مسلم,352,"المجلس (352) شرح صحيح مسلم ""كِتَابُ المساقاة"" (3)",2026-08-06,76,
bANyMvZpHvk,https://www.youtube.com/watch?v=bANyMvZpHvk,شرح صحيح مسلم,353,"المجلس (353) شرح صحيح مسلم ""كِتَابُ المساقاة"" (4)",2026-08-18,76,
NSy5uhTyTZg,https://www.youtube.com/watch?v=NSy5uhTyTZg,شرح صحيح مسلم,354,"المجلس (354) شرح صحيح مسلم ""كِتَابُ المساقاة"" (5)",2026-08-08,73,
NyEYZPSf-0Q,https://www.youtube.com/watch?v=NyEYZPSf-0Q,شرح صحيح مسلم,355,"المجلس (355) شرح صحيح مسلم ""كِتَابُ المساقاة"" (6)",2026-08-08,74,
6bsee1U0-u4,https://www.youtube.com/watch?v=6bsee1U0-u4,شرح صحيح مسلم,356,"المجلس (356) شرح صحيح مسلم ""كِتَابُ المساقاة"" (7)",2026-08-12,75,
AmaXYeuFlzs,https://www.youtube.com/watch?v=AmaXYeuFlzs,شرح صحيح مسلم,357,"المجلس (357) شرح صحيح مسلم ""كِتَابُ المساقاة"" (8)",2026-08-17,72,
DMQo6KYtMyw,https://www.youtube.com/watch?v=DMQo6KYtMyw,شرح صحيح مسلم,358,"المجلس (358) شرح صحيح مسلم ""كِتَابُ المساقاة"" (9)",2026-08-19,75,
9ScgMYfSK14,https://www.youtube.com/watch?v=9ScgMYfSK14,شرح صحيح مسلم,359,"المجلس (359) شرح صحيح مسلم ""كِتَابُ المساقاة"" (10)",2026-08-19,73,
go8Iog53Bb8,https://www.youtube.com/watch?v=go8Iog53Bb8,شرح صحيح مسلم,360,"المجلس (360) شرح صحيح مسلم ""كِتَابُ المساقاة"" (11)",2026-08-22,80,
EwgKoyquhkE,https://www.youtube.com/watch?v=EwgKoyquhkE,شرح صحيح مسلم,361,"المجلس (361) شرح صحيح مسلم ""المساقاة/ الْفَرَائِضِ"" (12/1)",2026-08-23,75,
Fd_eEYA7gWM,https://www.youtube.com/watch?v=Fd_eEYA7gWM,شرح صحيح مسلم,362,"المجلس (362) شرح صحيح مسلم "" كتاب الْفَرَائِضِ"" (2)",2026-08-26,78,
6VMjqVmw-9w,https://www.youtube.com/watch?v=6VMjqVmw-9w,شرح صحيح مسلم,363,"المجلس (363) شرح صحيح مسلم "" كتاب الْفَرَائِضِ"" (3)",2026-08-29,72,
CVo7KrPM6Zo,https://www.youtube.com/watch?v=CVo7KrPM6Zo,شرح صحيح مسلم,364,"المجلس (364) شرح صحيح مسلم "" كتاب الْفَرَائِضِ"" (4)",2026-08-30,71,
tW4amceowMg,https://www.youtube.com/watch?v=tW4amceowMg,شرح صحيح مسلم,365,"المجلس (365) شرح صحيح مسلم "" كتاب الهبات"" (1)",2026-09-03,72,
HDgCi5X-JiI,https://www.youtube.com/watch?v=HDgCi5X-JiI,شرح صحيح مسلم,366,"المجلس (366) شرح صحيح مسلم "" كتاب الهبات"" (2)",2026-09-03,74,
7fQK1hHlpNo,https://www.youtube.com/watch?v=7fQK1hHlpNo,شرح صحيح مسلم,367,"المجلس (367) شرح صحيح مسلم "" كتاب الهبات"" (2)",2026-09-07,74,
820VVnTEw7o,https://www.youtube.com/watch?v=820VVnTEw7o,شرح صحيح مسلم,368,"المجلس (368) شرح صحيح مسلم "" كتاب الهبات"" (3)",2026-09-09,62,
nII1eUKhAvA,https://www.youtube.com/watch?v=nII1eUKhAvA,شرح صحيح مسلم,369,"المجلس (369) شرح صحيح مسلم "" كتاب الهبات"" (4)",2026-09-10,62,
UMLzJNWXgog,https://www.youtube.com/watch?v=UMLzJNWXgog,شرح صحيح مسلم,370,"المجلس (370) شرح صحيح مسلم "" كتاب النذر"" (1)",2026-09-13,71,
CSWUt2U18fw,https://www.youtube.com/watch?v=CSWUt2U18fw,شرح صحيح مسلم,371,"المجلس (371) شرح صحيح مسلم "" كتاب النذر"" (2)",2026-09-17,75,
iCDNrbwhoq0,https://www.youtube.com/watch?v=iCDNrbwhoq0,شرح صحيح مسلم,372,"المجلس (372) شرح صحيح مسلم "" كتاب النذر"" (3)",2026-09-28,74,
9nHIjaSgWEE,https://www.youtube.com/watch?v=9nHIjaSgWEE,شرح صحيح مسلم,373,"المجلس (373) شرح صحيح مسلم "" كتاب النذر"" (4)",2026-09-28,73,
IaksSXpcolQ,https://www.youtube.com/watch?v=IaksSXpcolQ,شرح صحيح مسلم,374,"المجلس (374) شرح صحيح مسلم "" كتاب النذر"" (5)",2026-09-28,73,
BHlv9TkmsME,https://www.youtube.com/watch?v=BHlv9TkmsME,شرح صحيح مسلم,375,"المجلس (375) شرح صحيح مسلم "" كتاب النذر"" (6)",2026-09-30,65,
tHyJbofoOxw,https://www.youtube.com/watch?v=tHyJbofoOxw,شرح صحيح مسلم,,أسئلة بعد الدرس الثالث من شرح مسلم الأربعاء 20 /5/ 1444 هـ,2022-12-14,8,
oqQzW5ppfXU,https://www.youtube.com/watch?v=oqQzW5ppfXU,شرح سنن ابن ماجه,83,الدرس (83) شرح سنن ابن ماجه - رحمه الله- الأربعاء,2020-12-31,71,
h8lzPZbQOKU,https://www.youtube.com/watch?v=h8lzPZbQOKU,شرح سنن ابن ماجه,84,الدرس (84) شرح سنن ابن ماجه - رحمه الله- الخميس,2021-01-01,72,
SQTWAwFLdQY,https://www.youtube.com/watch?v=SQTWAwFLdQY,شرح سنن ابن ماجه,85,الدرس (85) شرح سنن ابن ماجه - رحمه الله,2021-01-03,71,
dKIMQdz35wQ,https://www.youtube.com/watch?v=dKIMQdz35wQ,شرح سنن ابن ماجه,86,الدرس (86) شرح سنن ابن ماجه - رحمه الله- حديث 1402,2021-01-07,66,
1VMOL5V1LzQ,https://www.youtube.com/watch?v=1VMOL5V1LzQ,شرح سنن ابن ماجه,88,الدرس (88) شرح سنن ابن ماجه - رحمه الله- حديث رقم 1440,2021-01-10,71,
ElwmkLmCFEQ,https://www.youtube.com/watch?v=ElwmkLmCFEQ,شرح سنن ابن ماجه,89,الدرس (89) شرح سنن ابن ماجه - رحمه الله- حديث 1455,2021-01-14,76,
zgh6vCScpTs,https://www.youtube.com/watch?v=zgh6vCScpTs,شرح سنن ابن ماجه,90,الدرس (90) شرح سنن ابن ماجه - رحمه الله- حديث رقم 1472,2021-01-17,72,
yjAGTTS7nFw,https://www.youtube.com/watch?v=yjAGTTS7nFw,شرح سنن ابن ماجه,91,الدرس(91) شرح سنن ابن ماجه - رحمه الله- حديث رقم 1482,2021-01-21,75,
2XtdFPB-wMQ,https://www.youtube.com/watch?v=2XtdFPB-wMQ,شرح سنن ابن ماجه,92,الدرس (92) شرح سنن ابن ماجه - رحمه الله- من حديث رقم 1497,2021-01-22,72,
pyrbV9JRb8c,https://www.youtube.com/watch?v=pyrbV9JRb8c,شرح سنن ابن ماجه,93,الدرس (93) شرح سنن ابن ماجه - رحمه الله- من الحديث 1507,2021-01-24,73,
gm_eSNGR4IY,https://www.youtube.com/watch?v=gm_eSNGR4IY,شرح سنن ابن ماجه,94,الدرس (94) شرح سنن ابن ماجه - رحمه الله- من الحديث رقم 1521,2021-01-28,68,
STdDpPRaATI,https://www.youtube.com/watch?v=STdDpPRaATI,شرح سنن ابن ماجه,95,الدرس (95) شرح سنن ابن ماجه - رحمه الله- من الحديث 1543,2021-01-29,75,
OZLd_F3MUY0,https://www.youtube.com/watch?v=OZLd_F3MUY0,شرح سنن ابن ماجه,96,الدرس (96) شرح سنن ابن ماجه - رحمه الله- من الحديث 1568,2021-01-31,71,
MyaJVOzwLOw,https://www.youtube.com/watch?v=MyaJVOzwLOw,شرح سنن ابن ماجه,97,الدرس (97) شرح سنن ابن ماجه - رحمه الله- من حديث 1585,2021-02-04,74,
ZzDP-CTfxwQ,https://www.youtube.com/watch?v=ZzDP-CTfxwQ,شرح سنن ابن ماجه,98,مباشر الدرس (98) شرح سنن ابن ماجه - رحمه الله- من حديث 1609,2021-02-04,1,
bkgTxwMAe-s,https://www.youtube.com/watch?v=bkgTxwMAe-s,شرح سنن ابن ماجه,98,الدرس (98) شرح سنن ابن ماجه - رحمه الله- من حديث 1609,2021-02-05,65,
PhhOxqM2k-0,https://www.youtube.com/watch?v=PhhOxqM2k-0,شرح سنن ابن ماجه,99,الدرس (99) شرح سنن ابن ماجه - رحمه الله- من حديث 1626,2021-02-07,65,
aDVNGpMHR8s,https://www.youtube.com/watch?v=aDVNGpMHR8s,شرح سنن ابن ماجه,100,الدرس (100) شرح سنن ابن ماجه - رحمه الله-من الحديث 1646,2021-02-11,71,
i8Vh9nW3iBo,https://www.youtube.com/watch?v=i8Vh9nW3iBo,شرح سنن ابن ماجه,101,الدرس (101) شرح سنن ابن ماجه - رحمه الله- كتاب الصيام ح 1661,2021-02-12,65,
2gj5KXBa8rM,https://www.youtube.com/watch?v=2gj5KXBa8rM,شرح سنن ابن ماجه,102,الدرس (102) شرح سنن ابن ماجه - رحمه الله- كتاب الصيام ح 1679,2021-02-14,68,
gamRexsJNM4,https://www.youtube.com/watch?v=gamRexsJNM4,شرح سنن ابن ماجه,103,الدرس (103) شرح سنن ابن ماجه - رحمه الله- كتاب الصيام ح 1700,2021-02-18,69,
meBwCSyOchM,https://www.youtube.com/watch?v=meBwCSyOchM,شرح سنن ابن ماجه,104,الدرس (104) شرح سنن ابن ماجه - رحمه الله- كتاب الصيام ح 1723,2021-02-19,68,
Jk2ma730Dnk,https://www.youtube.com/watch?v=Jk2ma730Dnk,شرح سنن ابن ماجه,105,الدرس (105) شرح سنن ابن ماجه - رحمه الله- كتاب الصيام ح 1748,2021-02-25,59,
8RYu319_pVA,https://www.youtube.com/watch?v=8RYu319_pVA,شرح سنن ابن ماجه,106,الدرس (106) شرح سنن ابن ماجه - رحمه الله- كتاب الصيام ح 1764,2021-02-26,67,
AQQlnj9_YDw,https://www.youtube.com/watch?v=AQQlnj9_YDw,شرح سنن ابن ماجه,107,الدرس (107) شرح سنن ابن ماجه - رحمه الله- كتاب الصيام ح 1781,2021-02-28,70,
sIZjp-pLd3k,https://www.youtube.com/watch?v=sIZjp-pLd3k,شرح سنن ابن ماجه,108,الدرس (108) شرح سنن ابن ماجه - رحمه الله- كتاب الصيام ح 1799,2021-03-04,72,
FiFFQAcgmHQ,https://www.youtube.com/watch?v=FiFFQAcgmHQ,شرح سنن ابن ماجه,109,الدرس (109) شرح سنن ابن ماجه - رحمه الله- كتاب الزكاة ح 1817,2021-03-05,72,
XLXaUgJWc78,https://www.youtube.com/watch?v=XLXaUgJWc78,شرح سنن ابن ماجه,110,الدرس (110) شرح سنن ابن ماجه - رحمه الله- كتاب الزكاة ح 1834,2021-03-07,71,
0Djra6a57qU,https://www.youtube.com/watch?v=0Djra6a57qU,شرح سنن ابن ماجه,111,الدرس (111) شرح سنن ابن ماجه - رحمه الله- كتاب الزكاة ح 1849,2021-03-11,60,
Ylal-E5HHeQ,https://www.youtube.com/watch?v=Ylal-E5HHeQ,شرح سنن ابن ماجه,112,الدرس (112) شرح سنن ابن ماجه - رحمه الله- كتاب الزكاة ح 1861,2021-03-12,70,
KCMRG4EIEpA,https://www.youtube.com/watch?v=KCMRG4EIEpA,شرح سنن ابن ماجه,113,الدرس (113) شرح سنن ابن ماجه - رحمه الله- كتاب النكاح ح 1883,2021-03-14,68,
kaN8B68GAfA,https://www.youtube.com/watch?v=kaN8B68GAfA,شرح سنن ابن ماجه,114,الدرس (114) شرح سنن ابن ماجه - رحمه الله- كتاب النكاح ح 1901,2021-03-18,73,
pm5ujqLM_5E,https://www.youtube.com/watch?v=pm5ujqLM_5E,شرح سنن ابن ماجه,115,الدرس (115) شرح سنن ابن ماجه - رحمه الله- كتاب النكاح ح 1917,2021-03-19,69,
pxbJE7nJdtY,https://www.youtube.com/watch?v=pxbJE7nJdtY,شرح سنن ابن ماجه,116,الدرس (116) شرح سنن ابن ماجه - رحمه الله- كتاب النكاح ح 1932,2021-03-21,66,
JdRDa1Z2vmQ,https://www.youtube.com/watch?v=JdRDa1Z2vmQ,شرح سنن ابن ماجه,117,الدرس (117) شرح سنن ابن ماجه - رحمه الله- كتاب النكاح ح 1943,2021-03-25,72,
pgbP8bk3zfQ,https://www.youtube.com/watch?v=pgbP8bk3zfQ,شرح سنن ابن ماجه,118,الدرس (118) شرح سنن ابن ماجه - رحمه الله- كتاب النكاح ح 1959,2021-03-28,77,
egnFIGbtfgQ,https://www.youtube.com/watch?v=egnFIGbtfgQ,شرح سنن ابن ماجه,119,الدرس (119) شرح سنن ابن ماجه - رحمه الله- كتاب النكاح ح 1974,2021-04-01,74,
DvCl0oaz_R0,https://www.youtube.com/watch?v=DvCl0oaz_R0,شرح سنن ابن ماجه,120,الدرس (120) شرح سنن ابن ماجه - رحمه الله- كتاب النكاح ح 1990,2021-04-04,69,
-QT1N2njb90,https://www.youtube.com/watch?v=-QT1N2njb90,شرح سنن ابن ماجه,121,الدرس (121) شرح سنن ابن ماجه - رحمه الله- كتاب النكاح ح 2008,2021-04-15,64,
_OcEiO4vQR4,https://www.youtube.com/watch?v=_OcEiO4vQR4,شرح سنن ابن ماجه,122,الدرس (122) شرح سنن ابن ماجه - رحمه الله- كتاب النكاح ح 2028,2021-04-16,63,
vzeEapwJu0M,https://www.youtube.com/watch?v=vzeEapwJu0M,شرح سنن ابن ماجه,123,الدرس (123) شرح سنن ابن ماجه - رحمه الله- كتاب النكاح ثم الطلاق ح 2043,2021-04-18,62,
-6S4gjvDzb0,https://www.youtube.com/watch?v=-6S4gjvDzb0,شرح سنن ابن ماجه,124,الدرس (124) شرح سنن ابن ماجه - رحمه الله- كتاب الطلاق ح 2057,2021-04-22,70,
910USmFQWzM,https://www.youtube.com/watch?v=910USmFQWzM,شرح سنن ابن ماجه,125,الدرس (125) شرح سنن ابن ماجه - رحمه الله- كتاب الطلاق ح 2073,2021-04-25,71,
HWIbvIZ2F1w,https://www.youtube.com/watch?v=HWIbvIZ2F1w,شرح سنن ابن ماجه,126,الدرس (126) شرح سنن ابن ماجه - رحمه الله- كتاب الطلاق ح 2088,2021-04-29,69,
4jh84Nzy3kA,https://www.youtube.com/watch?v=4jh84Nzy3kA,شرح سنن ابن ماجه,127,الدرس (127) شرح سنن ابن ماجه - رحمه الله- كتاب الطلاق ح 2104,2021-04-30,65,
jIHEiOng0nQ,https://www.youtube.com/watch?v=jIHEiOng0nQ,شرح سنن ابن ماجه,128,الدرس (128) شرح سنن ابن ماجه - رحمه الله- كتاب الكفارات 2122,2021-05-06,75,
CdzRKQywqUw,https://www.youtube.com/watch?v=CdzRKQywqUw,شرح سنن ابن ماجه,128,الدرس (128) شرح سنن ابن ماجه - رحمه الله- كتاب الكفارات 2122,2021-05-06,63,
j97FA-U6j7w,https://www.youtube.com/watch?v=j97FA-U6j7w,شرح سنن ابن ماجه,129,الدرس (129) شرح سنن ابن ماجه - رحمه الله- كتاب الكفارات 2143,2021-05-07,64,
yY8oL_Myelw,https://www.youtube.com/watch?v=yY8oL_Myelw,شرح سنن ابن ماجه,130,الدرس (130) شرح سنن ابن ماجه - رحمه الله- كتاب الكفارات 2163,2021-05-09,62,
63PF69ukmXs,https://www.youtube.com/watch?v=63PF69ukmXs,شرح سنن ابن ماجه,131,الدرس (131) شرح سنن ابن ماجه - رحمه الله- كتاب التجارات 2181,2021-05-13,66,
Je4CINsN9ZU,https://www.youtube.com/watch?v=Je4CINsN9ZU,شرح سنن ابن ماجه,132,الدرس (132) شرح سنن ابن ماجه - رحمه الله- كتاب التجارات 2196,2021-05-21,64,
9MHrXfOR2eQ,https://www.youtube.com/watch?v=9MHrXfOR2eQ,شرح سنن ابن ماجه,133,الدرس (133) شرح سنن ابن ماجه - رحمه الله- كتاب التجارات 2210,2021-05-27,65,
gsdmzMxwDWg,https://www.youtube.com/watch?v=gsdmzMxwDWg,شرح سنن ابن ماجه,134,الدرس (134) شرح سنن ابن ماجه - رحمه الله- كتاب التجارات 2226,2021-05-28,72,
pWjjenKfoxg,https://www.youtube.com/watch?v=pWjjenKfoxg,شرح سنن ابن ماجه,135,الدرس (135) شرح سنن ابن ماجه - رحمه الله- كتاب التجارات 2241,2021-05-30,80,
0W6jNqOeqEQ,https://www.youtube.com/watch?v=0W6jNqOeqEQ,شرح سنن ابن ماجه,136,الدرس (136) شرح سنن ابن ماجه - رحمه الله- كتاب التجارات 2249,2021-06-03,78,
r0mgBGLn9MA,https://www.youtube.com/watch?v=r0mgBGLn9MA,شرح سنن ابن ماجه,137,الدرس (137) شرح سنن ابن ماجه - رحمه الله- كتاب التجارات 2273,2021-06-04,75,
0Baqs5MjTPg,https://www.youtube.com/watch?v=0Baqs5MjTPg,شرح سنن ابن ماجه,138,الدرس (138) شرح سنن ابن ماجه - رحمه الله- كتاب التجارات 2291,2021-06-06,70,
7Qyd7jGKt1k,https://www.youtube.com/watch?v=7Qyd7jGKt1k,شرح سنن ابن ماجه,139,الدرس (139) شرح سنن ابن ماجه - رحمه الله- كتاب التجارات 2302,2021-06-10,72,
bjb8LY0rWJg,https://www.youtube.com/watch?v=bjb8LY0rWJg,شرح سنن ابن ماجه,140,الدرس (140) شرح سنن ابن ماجه - رحمه الله- كتاب التجارات 2321,2021-06-11,76,
TaChc27PcHE,https://www.youtube.com/watch?v=TaChc27PcHE,شرح سنن ابن ماجه,141,الدرس (141) شرح سنن ابن ماجه - رحمه الله- كتاب التجارات 2332,2021-06-13,60,
NGg_mMzOAUE,https://www.youtube.com/watch?v=NGg_mMzOAUE,شرح سنن ابن ماجه,142,الدرس (142) شرح سنن ابن ماجه - رحمه الله- كتاب التجارات 2348,2021-06-17,69,
ljoysywEBHo,https://www.youtube.com/watch?v=ljoysywEBHo,شرح سنن ابن ماجه,143,الدرس (143) شرح سنن ابن ماجه - رحمه الله- كتاب الأحكام 2367,2021-06-18,69,
GUtQTOTaPZ4,https://www.youtube.com/watch?v=GUtQTOTaPZ4,شرح سنن ابن ماجه,144,الدرس (144) شرح سنن ابن ماجه - رحمه الله- كتاب الأحكام 2383,2021-06-20,67,
rS-YZhc5eho,https://www.youtube.com/watch?v=rS-YZhc5eho,شرح سنن ابن ماجه,145,الدرس (145) شرح سنن ابن ماجه - رحمه الله- كتاب الأحكام 2396,2021-06-24,65,
it4upDD5XAg,https://www.youtube.com/watch?v=it4upDD5XAg,شرح سنن ابن ماجه,146,الدرس (146) شرح سنن ابن ماجه - رحمه الله- كتاب الأحكام 2408,2021-06-25,70,
iu9VYu00H6A,https://www.youtube.com/watch?v=iu9VYu00H6A,شرح سنن ابن ماجه,147,الدرس (147) شرح سنن ابن ماجه - رحمه الله- كتاب الهبات 2420,2021-06-27,68,
dupR7j6In80,https://www.youtube.com/watch?v=dupR7j6In80,شرح سنن ابن ماجه,148,الدرس (148) شرح سنن ابن ماجه - رحمه الله- كتاب الهبات 2439,2021-07-01,68,
dds_ZiSu-vA,https://www.youtube.com/watch?v=dds_ZiSu-vA,شرح سنن ابن ماجه,149,الدرس (149) شرح سنن ابن ماجه - رحمه الله- كتاب الصدقات 2450,2021-07-02,53,
mCCNvkVwge4,https://www.youtube.com/watch?v=mCCNvkVwge4,شرح سنن ابن ماجه,150,الدرس (150) شرح سنن ابن ماجه - رحمه الله- كتاب الصدقات 2466,2021-07-04,65,
agHBluZ0Yv4,https://www.youtube.com/watch?v=agHBluZ0Yv4,شرح سنن ابن ماجه,151,الدرس (151) شرح سنن ابن ماجه - رحمه الله- كتاب الصدقات 2480,2021-07-08,63,
aTpHBSKxtJE,https://www.youtube.com/watch?v=aTpHBSKxtJE,شرح سنن ابن ماجه,152,الدرس (152) شرح سنن ابن ماجه - رحمه الله- كتاب الرهون 2492,2021-07-09,66,
hCkwO74UKew,https://www.youtube.com/watch?v=hCkwO74UKew,شرح سنن ابن ماجه,153,الدرس (153) شرح سنن ابن ماجه - رحمه الله- كتاب الرهون 2513,2021-07-11,71,
8JmPDb9yXYc,https://www.youtube.com/watch?v=8JmPDb9yXYc,شرح سنن ابن ماجه,154,الدرس (154) شرح سنن ابن ماجه - رحمه الله- كتاب الرهون 2531,2021-07-15,67,
uMXXmWMUJYU,https://www.youtube.com/watch?v=uMXXmWMUJYU,شرح سنن ابن ماجه,155,الدرس (155) شرح سنن ابن ماجه - رحمه الله- كتاب الشفعة 2552,2021-07-16,65,
OIoZZ0t8UA4,https://www.youtube.com/watch?v=OIoZZ0t8UA4,شرح سنن ابن ماجه,156,الدرس (156) شرح سنن ابن ماجه - رحمه الله- كتاب العتق 2566,2021-07-18,66,
_9MMCcxgcYU,https://www.youtube.com/watch?v=_9MMCcxgcYU,شرح سنن ابن ماجه,157,الدرس (157) شرح سنن ابن ماجه - رحمه الله- كتاب الحدود 2583,2021-07-29,62,
o-gLjUcaqXI,https://www.youtube.com/watch?v=o-gLjUcaqXI,شرح سنن ابن ماجه,158,الدرس (158) شرح سنن ابن ماجه - رحمه الله- كتاب الحدود 2600,2021-07-30,62,
7GFUc7g7VR4,https://www.youtube.com/watch?v=7GFUc7g7VR4,شرح سنن ابن ماجه,159,الدرس (159) شرح سنن ابن ماجه - رحمه الله- كتاب الحدود 2613,2021-08-01,66,
FPA29BIN5yg,https://www.youtube.com/watch?v=FPA29BIN5yg,شرح سنن ابن ماجه,160,الدرس (160) شرح سنن ابن ماجه - رحمه الله- كتاب الحدود 2625,2021-08-05,68,
oGKxP1_YUeA,https://www.youtube.com/watch?v=oGKxP1_YUeA,شرح سنن ابن ماجه,161,الدرس (161) شرح سنن ابن ماجه - رحمه الله- كتاب الحدود 2638,2021-08-06,67,
ULUgiPSek58,https://www.youtube.com/watch?v=ULUgiPSek58,شرح سنن ابن ماجه,162,الدرس (162) شرح سنن ابن ماجه - رحمه الله- كتاب الحدود 2652,2021-08-08,66,
tcddlpJg4wM,https://www.youtube.com/watch?v=tcddlpJg4wM,شرح سنن ابن ماجه,163,الدرس (163) شرح سنن ابن ماجه - رحمه الله- كتاب الحدود 2662,2021-08-11,60,
tfQiV44ctZI,https://www.youtube.com/watch?v=tfQiV44ctZI,شرح سنن ابن ماجه,164,الدرس (164) شرح سنن ابن ماجه - رحمه الله- كتاب الديات 2670,2021-08-12,71,
KRi__C0ca7s,https://www.youtube.com/watch?v=KRi__C0ca7s,شرح سنن ابن ماجه,165,الدرس (165) شرح سنن ابن ماجه - رحمه الله- كتاب الديات 2679,2021-08-15,67,
hk6DmuGm7nQ,https://www.youtube.com/watch?v=hk6DmuGm7nQ,شرح سنن ابن ماجه,166,الدرس (166) شرح سنن ابن ماجه - رحمه الله- كتاب الديات 2690,2021-08-18,62,
_LVn_vSLyik,https://www.youtube.com/watch?v=_LVn_vSLyik,شرح سنن ابن ماجه,167,الدرس (167) شرح سنن ابن ماجه - رحمه الله- كتاب الديات 2705,2021-08-19,59,
jDZ6umKPnXE,https://www.youtube.com/watch?v=jDZ6umKPnXE,شرح سنن ابن ماجه,168,الدرس (168) شرح سنن ابن ماجه - رحمه الله- كتاب الديات 2721,2021-08-22,63,
mkBPxFV75C8,https://www.youtube.com/watch?v=mkBPxFV75C8,شرح سنن ابن ماجه,169,الدرس (169) شرح سنن ابن ماجه - رحمه الله- كتاب الديات 2729,2021-08-25,64,
iBLC_hdReJ4,https://www.youtube.com/watch?v=iBLC_hdReJ4,شرح سنن ابن ماجه,170,الدرس (170) شرح سنن ابن ماجه - رحمه الله- كتاب الديات 2738,2021-08-26,66,
8g6NE19j620,https://www.youtube.com/watch?v=8g6NE19j620,شرح سنن ابن ماجه,171,الدرس (171) شرح سنن ابن ماجه - رحمه الله- كتاب الوصايا 2750,2021-08-29,74,
yAxoUILERPw,https://www.youtube.com/watch?v=yAxoUILERPw,شرح سنن ابن ماجه,172,الدرس (172) شرح سنن ابن ماجه - رحمه الله- كتاب الوصايا 2763,2021-09-01,65,
mhHN0iAXqCM,https://www.youtube.com/watch?v=mhHN0iAXqCM,شرح سنن ابن ماجه,172,الدرس (172) شرح سنن ابن ماجه - رحمه الله- كتاب الوصايا 2763,2021-09-02,69,
Ebq74jhOZ9I,https://www.youtube.com/watch?v=Ebq74jhOZ9I,شرح سنن ابن ماجه,173,الدرس (173) شرح سنن ابن ماجه - رحمه الله- كتاب الفرائض 2773,2021-09-05,71,
75SB900FIq0,https://www.youtube.com/watch?v=75SB900FIq0,شرح سنن ابن ماجه,174,الدرس (174) شرح سنن ابن ماجه - رحمه الله- كتاب الفرائض 2786,2021-09-08,67,
3oJi0vo4mY4,https://www.youtube.com/watch?v=3oJi0vo4mY4,شرح سنن ابن ماجه,175,الدرس (175) شرح سنن ابن ماجه - رحمه الله- كتاب الجهاد 2802,2021-09-09,69,
flFFFOZFeVA,https://www.youtube.com/watch?v=flFFFOZFeVA,شرح سنن ابن ماجه,176,الدرس (176) شرح سنن ابن ماجه - رحمه الله- كتاب الجهاد 2813,2021-09-12,69,
KPcob_wcvN8,https://www.youtube.com/watch?v=KPcob_wcvN8,شرح سنن ابن ماجه,177,الدرس (177) شرح سنن ابن ماجه - رحمه الله- كتاب الجهاد 2829,2021-09-15,72,
L_yhd9TrgzM,https://www.youtube.com/watch?v=L_yhd9TrgzM,شرح سنن ابن ماجه,178,الدرس (178) شرح سنن ابن ماجه - رحمه الله- كتاب الجهاد 2841,2021-09-16,68,
etYwOYmgPyo,https://www.youtube.com/watch?v=etYwOYmgPyo,شرح سنن ابن ماجه,179,الدرس (179) شرح سنن ابن ماجه - رحمه الله- كتاب الجهاد 2856,2021-09-19,70,
TftMn0fxLRs,https://www.youtube.com/watch?v=TftMn0fxLRs,شرح سنن ابن ماجه,180,الدرس (180) شرح سنن ابن ماجه - رحمه الله- كتاب الجهاد 2866,2021-09-22,65,
utev5_ey77k,https://www.youtube.com/watch?v=utev5_ey77k,شرح سنن ابن ماجه,181,الدرس (181) شرح سنن ابن ماجه - رحمه الله- كتاب الجهاد 2878,2021-09-26,72,
uMDs9fVaRis,https://www.youtube.com/watch?v=uMDs9fVaRis,شرح سنن ابن ماجه,182,الدرس (182) شرح سنن ابن ماجه - رحمه الله- كتاب الجهاد 2897,2021-09-30,63,
kpdc-tM481c,https://www.youtube.com/watch?v=kpdc-tM481c,شرح سنن ابن ماجه,183,الدرس (183) شرح سنن ابن ماجه - رحمه الله- كتاب الجهاد 2908,2021-10-03,65,
WclFswy1UKQ,https://www.youtube.com/watch?v=WclFswy1UKQ,شرح سنن ابن ماجه,184,الدرس (184) شرح سنن ابن ماجه - رحمه الله- كتاب الجهاد 2915,2021-10-06,64,
A3ArxQGTcCQ,https://www.youtube.com/watch?v=A3ArxQGTcCQ,شرح سنن ابن ماجه,185,الدرس (185) شرح سنن ابن ماجه (كتاب الجهاد 2930 ثم المناسك),2021-10-07,66,
Jh3JTkeQWY8,https://www.youtube.com/watch?v=Jh3JTkeQWY8,شرح سنن ابن ماجه,186,الدرس (186) شرح سنن ابن ماجه - رحمه الله- كتاب المناسك 2944,2021-10-13,81,
yFDpTx4fPbk,https://www.youtube.com/watch?v=yFDpTx4fPbk,شرح سنن ابن ماجه,187,الدرس (187) شرح سنن ابن ماجه - رحمه الله- كتاب المناسك 2963,2021-10-14,69,
OCjkC5HPl1M,https://www.youtube.com/watch?v=OCjkC5HPl1M,شرح سنن ابن ماجه,188,الدرس (188) شرح سنن ابن ماجه - رحمه الله- كتاب المناسك 2977,2021-10-17,61,
O3xBAxMVvWI,https://www.youtube.com/watch?v=O3xBAxMVvWI,شرح سنن ابن ماجه,189,الدرس (189) شرح سنن ابن ماجه - رحمه الله- كتاب المناسك 2990,2021-10-20,71,
sHhY-mp6T1o,https://www.youtube.com/watch?v=sHhY-mp6T1o,شرح سنن ابن ماجه,190,الدرس (190) شرح سنن ابن ماجه - رحمه الله- كتاب المناسك 3007,2021-10-21,64,
-FpoYbIL_1o,https://www.youtube.com/watch?v=-FpoYbIL_1o,شرح سنن ابن ماجه,191,الدرس (191) شرح سنن ابن ماجه - رحمه الله- كتاب المناسك 3017,2021-10-24,64,
RXRbdZA-qCk,https://www.youtube.com/watch?v=RXRbdZA-qCk,شرح سنن ابن ماجه,192,الدرس (192) شرح سنن ابن ماجه - رحمه الله- كتاب المناسك 3034,2021-10-27,74,
E4dAQzU7Zqo,https://www.youtube.com/watch?v=E4dAQzU7Zqo,شرح سنن ابن ماجه,193,الدرس (193) شرح سنن ابن ماجه - رحمه الله- كتاب المناسك 3056,2021-10-28,66,
HYohFUdBqzw,https://www.youtube.com/watch?v=HYohFUdBqzw,شرح سنن ابن ماجه,194,الدرس (194) شرح سنن ابن ماجه - رحمه الله- كتاب المناسك 3073,2021-10-31,63,
RNHT7bRGOB0,https://www.youtube.com/watch?v=RNHT7bRGOB0,شرح سنن ابن ماجه,195,الدرس (195) شرح سنن ابن ماجه - رحمه الله- كتاب المناسك 3086,2021-11-04,66,
Cx3PsGN8EBE,https://www.youtube.com/watch?v=Cx3PsGN8EBE,شرح سنن ابن ماجه,196,الدرس (196) شرح سنن ابن ماجه - رحمه الله- كتاب المناسك 3105,2021-11-07,67,
nxJGdWEBlNE,https://www.youtube.com/watch?v=nxJGdWEBlNE,شرح سنن ابن ماجه,197,الدرس (197) شرح سنن ابن ماجه - رحمه الله- كتاب المناسك 3116,2021-11-10,50,
7G-EitiCo8M,https://www.youtube.com/watch?v=7G-EitiCo8M,شرح سنن ابن ماجه,198,الدرس (198) شرح سنن ابن ماجه - رحمه الله- كتاب المناسك 3131,2021-11-11,72,
kcB3DdCj_w4,https://www.youtube.com/watch?v=kcB3DdCj_w4,شرح سنن ابن ماجه,199,الدرس (199) شرح سنن ابن ماجه - رحمه الله- كتاب المناسك 3132,2021-12-10,67,
Coq9k1Sk36k,https://www.youtube.com/watch?v=Coq9k1Sk36k,شرح سنن ابن ماجه,200,الدرس (200) شرح سنن ابن ماجه - رحمه الله- كتاب المناسك 3140,2021-12-12,70,
phJIFXBkBmA,https://www.youtube.com/watch?v=phJIFXBkBmA,شرح سنن ابن ماجه,201,الدرس (201) شرح سنن ابن ماجه - رحمه الله- كتاب المناسك 3152,2021-12-16,67,
zOc22ehneyY,https://www.youtube.com/watch?v=zOc22ehneyY,شرح سنن ابن ماجه,202,الدرس (202) شرح سنن ابن ماجه - رحمه الله- كتاب المناسك 3166,2021-12-17,67,
VxFDqD8IkRA,https://www.youtube.com/watch?v=VxFDqD8IkRA,شرح سنن ابن ماجه,203,الدرس (203) شرح سنن ابن ماجه - رحمه الله- كتاب المناسك 3174,2021-12-19,73,
QuEy2Bl5BBA,https://www.youtube.com/watch?v=QuEy2Bl5BBA,شرح سنن ابن ماجه,204,الدرس (204) شرح سنن ابن ماجه - رحمه الله- كتاب الأضاحي 3185,2021-12-23,71,
0uHG56bFPyE,https://www.youtube.com/watch?v=0uHG56bFPyE,شرح سنن ابن ماجه,205,الدرس (205) شرح سنن ابن ماجه - رحمه الله- كتاب الأضاحي 3203,2021-12-24,67,
RQq8fW_IlaE,https://www.youtube.com/watch?v=RQq8fW_IlaE,شرح سنن ابن ماجه,206,الدرس (206) شرح سنن ابن ماجه - رحمه الله- كتاب الأضاحي 3214,2021-12-26,69,
zbJL4ZGI6EE,https://www.youtube.com/watch?v=zbJL4ZGI6EE,شرح سنن ابن ماجه,207,الدرس (207) شرح سنن ابن ماجه - رحمه الله- كتاب الذبائح 3229,2021-12-30,66,
u5-CvYh9Lrw,https://www.youtube.com/watch?v=u5-CvYh9Lrw,شرح سنن ابن ماجه,208,الدرس (208) شرح سنن ابن ماجه - رحمه الله- كتاب الذبائح 3245,2021-12-31,69,
UoJcId_YlY8,https://www.youtube.com/watch?v=UoJcId_YlY8,شرح سنن ابن ماجه,209,الدرس (209) شرح سنن ابن ماجه - رحمه الله- كتاب الصيد 3261,2022-01-02,77,
iyoQRK7dAUQ,https://www.youtube.com/watch?v=iyoQRK7dAUQ,شرح سنن ابن ماجه,210,الدرس (210) شرح سنن ابن ماجه - رحمه الله- كتاب الصيد 3280,2022-01-06,76,
0BBNX4v3Qt8,https://www.youtube.com/watch?v=0BBNX4v3Qt8,شرح سنن ابن ماجه,211,الدرس (211) شرح سنن ابن ماجه - رحمه الله- كتاب الصيد 3293,2022-01-07,67,
saneDIs5E4Q,https://www.youtube.com/watch?v=saneDIs5E4Q,شرح سنن ابن ماجه,212,الدرس (212) شرح سنن ابن ماجه - رحمه الله- كتاب الصيد 3308,2022-01-20,65,
7e0iVpC6HPQ,https://www.youtube.com/watch?v=7e0iVpC6HPQ,شرح سنن ابن ماجه,213,الدرس (213) شرح سنن ابن ماجه - رحمه الله- كتاب الأطعمة 3329,2022-01-21,69,
SayPbwzMHGg,https://www.youtube.com/watch?v=SayPbwzMHGg,شرح سنن ابن ماجه,214,الدرس (214) شرح سنن ابن ماجه - رحمه الله- كتاب الأطعمة 3349,2022-01-23,62,
TM47JJTABU0,https://www.youtube.com/watch?v=TM47JJTABU0,شرح سنن ابن ماجه,215,الدرس( 215) شرح سنن ابن ماجه -رحمه الله- كتاب الأطعمة ح 3368,2022-01-27,67,
lMYk8SYRZsY,https://www.youtube.com/watch?v=lMYk8SYRZsY,شرح سنن ابن ماجه,216,الدرس(216) شرح سنن ابن ماجه -رحمه الله- كتاب الأطعمة ح 3386,2022-01-28,72,
jM_1pNBbaco,https://www.youtube.com/watch?v=jM_1pNBbaco,شرح سنن ابن ماجه,217,الدرس(217) شرح سنن ابن ماجه -رحمه الله- كتاب الأطعمة ح 3404,2022-01-30,66,
_68cuyP6dxQ,https://www.youtube.com/watch?v=_68cuyP6dxQ,شرح سنن ابن ماجه,218,الدرس(218) شرح سنن ابن ماجه -رحمه الله- كتاب الأطعمة ح 3422,2022-02-03,66,
VX2dpjY-Xho,https://www.youtube.com/watch?v=VX2dpjY-Xho,شرح سنن ابن ماجه,219,الدرس(219) شرح سنن ابن ماجه -رحمه الله- كتاب الأشربة ح 3443,2022-02-04,69,
DdbCScLZxuI,https://www.youtube.com/watch?v=DdbCScLZxuI,شرح سنن ابن ماجه,220,الدرس(220) شرح سنن ابن ماجه -رحمه الله- كتاب الأشربة ح 3473,2022-02-10,71,
FYezs2FVcJg,https://www.youtube.com/watch?v=FYezs2FVcJg,شرح سنن ابن ماجه,221,الدرس(221) شرح سنن ابن ماجه -رحمه الله- كتاب الأشربة ح 3490,2022-02-11,68,
CjKgNyuRB5I,https://www.youtube.com/watch?v=CjKgNyuRB5I,شرح سنن ابن ماجه,222,الدرس(222) شرح سنن ابن ماجة -رحمه الله- كتاب الطب ح 3507,2022-02-12,5,
VY5NtzRoTh8,https://www.youtube.com/watch?v=VY5NtzRoTh8,شرح سنن ابن ماجه,222,الدرس(222) شرح سنن ابن ماجه -رحمه الله- كتاب الطب ح 3507,2022-02-13,67,
kkgVKh44gNk,https://www.youtube.com/watch?v=kkgVKh44gNk,شرح سنن ابن ماجه,223,الدرس(223) شرح سنن ابن ماجه -رحمه الله- كتاب الطب ح 3521,2022-02-17,70,
IdzBv6OJ2c8,https://www.youtube.com/watch?v=IdzBv6OJ2c8,شرح سنن ابن ماجه,224,الدرس(224) شرح سنن ابن ماجه -رحمه الله- كتاب الطب ح 3532,2022-02-20,68,
TmIbLlHIk9E,https://www.youtube.com/watch?v=TmIbLlHIk9E,شرح سنن ابن ماجه,225,الدرس (225) شرح سنن ابن ماجه -رحمه الله- كتاب الطب ح 3551,2022-02-24,75,
f6mRiJxT5iQ,https://www.youtube.com/watch?v=f6mRiJxT5iQ,شرح سنن ابن ماجه,226,الدرس (226) شرح سنن ابن ماجه -رحمه الله- كتاب الطب ح 3565,2022-02-25,71,
o940xcKdbqw,https://www.youtube.com/watch?v=o940xcKdbqw,شرح سنن ابن ماجه,227,الدرس (227) شرح سنن ابن ماجه -رحمه الله- كتاب الطب ح 3579,2022-02-27,69,
NmiM3GjRlIc,https://www.youtube.com/watch?v=NmiM3GjRlIc,شرح سنن ابن ماجه,228,الدرس (228) شرح سنن ابن ماجه -رحمه الله- كتاب الطب ح 3597,2022-03-03,72,
SxEa8O_Z5nU,https://www.youtube.com/watch?v=SxEa8O_Z5nU,شرح سنن ابن ماجه,229,الدرس (229) شرح سنن ابن ماجه -رحمه الله- كتاب الطب ح 3611,2022-03-04,73,
K39drvwFpS4,https://www.youtube.com/watch?v=K39drvwFpS4,شرح سنن ابن ماجه,230,الدرس (230) شرح سنن ابن ماجه -رحمه الله- كتاب اللباس ح 3618,2022-03-06,63,
5Eg-6IJ7Txk,https://www.youtube.com/watch?v=5Eg-6IJ7Txk,شرح سنن ابن ماجه,231,الدرس (231) شرح سنن ابن ماجه -رحمه الله- كتاب اللباس ح 3629,2022-03-10,69,
CME63uE5EXo,https://www.youtube.com/watch?v=CME63uE5EXo,شرح سنن ابن ماجه,232,الدرس (232) شرح سنن ابن ماجه -رحمه الله- كتاب اللباس ح 3638,2022-03-11,67,
et_AyxSUTC4,https://www.youtube.com/watch?v=et_AyxSUTC4,شرح سنن ابن ماجه,233,الدرس (233) شرح سنن ابن ماجه -رحمه الله- كتاب اللباس ح 3648,2022-03-13,65,
W_o9rN_MVQY,https://www.youtube.com/watch?v=W_o9rN_MVQY,شرح سنن ابن ماجه,234,الدرس (234) شرح سنن ابن ماجة -رحمه الله- كتاب اللباس ح 3662,2022-03-16,1,
oaQNYeF3M-8,https://www.youtube.com/watch?v=oaQNYeF3M-8,شرح سنن ابن ماجه,234,الدرس (234) شرح سنن ابن ماجه -رحمه الله- كتاب اللباس ح 3662,2022-03-17,65,
R9e57l7UEao,https://www.youtube.com/watch?v=R9e57l7UEao,شرح سنن ابن ماجه,235,الدرس (235) شرح سنن ابن ماجة -رحمه الله- كتاب اللباس ح 3672,2022-03-17,13,
3kB7IVTBzyA,https://www.youtube.com/watch?v=3kB7IVTBzyA,شرح سنن ابن ماجه,235,الدرس (235) شرح سنن ابن ماجه -رحمه الله- كتاب اللباس ح 3672,2022-03-18,59,
gO5-iQMjp3M,https://www.youtube.com/watch?v=gO5-iQMjp3M,شرح سنن ابن ماجه,236,الدرس (236) شرح سنن ابن ماجه -رحمه الله- كتاب اللباس ح 3687,2022-03-20,68,
3eTNun76-6w,https://www.youtube.com/watch?v=3eTNun76-6w,شرح سنن ابن ماجه,237,الدرس (237) شرح سنن ابن ماجه -رحمه الله- كتاب اللباس ح 3695,2022-03-24,69,
hEIoCEVAaPc,https://www.youtube.com/watch?v=hEIoCEVAaPc,شرح سنن ابن ماجه,238,الدرس (238) شرح سنن ابن ماجه -رحمه الله- كتاب اللباس ح 3709,2022-03-25,74,
MTtSQ0EshaY,https://www.youtube.com/watch?v=MTtSQ0EshaY,شرح سنن ابن ماجه,239,الدرس (239) شرح سنن ابن ماجه -رحمه الله- كتاب ال,2022-03-27,62,
TQglxC5UyY4,https://www.youtube.com/watch?v=TQglxC5UyY4,شرح سنن ابن ماجه,240,الدرس (240) شرح سنن ابن ماجه -رحمه الله- كتاب ال,2022-03-31,64,
4moPfXlRK-Y,https://www.youtube.com/watch?v=4moPfXlRK-Y,شرح سنن ابن ماجه,241,الدرس (241) شرح سنن ابن ماجه -رحمه الله- كتاب ال,2022-04-01,109,
HlsM2nFmU7s,https://www.youtube.com/watch?v=HlsM2nFmU7s,شرح سنن ابن ماجه,242,الدرس (242) شرح سنن ابن ماجه -رحمه الله- كتاب ال,2022-04-03,49,
_4shtyO71a0,https://www.youtube.com/watch?v=_4shtyO71a0,شرح سنن ابن ماجه,243,الدرس (243) شرح سنن ابن ماجه -رحمه الله- كتاب ال,2022-04-07,69,
LL6l83gcIF0,https://www.youtube.com/watch?v=LL6l83gcIF0,شرح سنن ابن ماجه,244,الدرس (244) شرح سنن ابن ماجه -رحمه الله- كتاب ال,2022-04-08,69,
VV_n0ldB_lQ,https://www.youtube.com/watch?v=VV_n0ldB_lQ,شرح سنن ابن ماجه,245,الدرس (245) شرح سنن ابن ماجه -رحمه الله- كتاب ال,2022-04-10,70,
9XIrVoqRn9c,https://www.youtube.com/watch?v=9XIrVoqRn9c,شرح سنن ابن ماجه,246,الدرس (246) شرح سنن ابن ماجه -رحمه الله- كتاب ال,2022-04-14,67,
U9xfrwU60qg,https://www.youtube.com/watch?v=U9xfrwU60qg,شرح سنن ابن ماجه,247,الدرس (247) شرح سنن ابن ماجة -رحمه الله- كتاب ال,2022-04-14,1,
eDeeXU_Axwg,https://www.youtube.com/watch?v=eDeeXU_Axwg,شرح سنن ابن ماجه,247,الدرس (247) شرح سنن ابن ماجة -رحمه الله- كتاب ال,2022-04-17,47,
xwM5EMSNaIo,https://www.youtube.com/watch?v=xwM5EMSNaIo,شرح سنن ابن ماجه,248,الدرس (248) شرح سنن ابن ماجة -رحمه الله- كتاب ال,2022-04-17,108,
lH8c-GMp4Ac,https://www.youtube.com/watch?v=lH8c-GMp4Ac,شرح سنن ابن ماجه,249,الدرس (249) شرح سنن ابن ماجة -رحمه الله- كتاب ال,2022-05-13,73,
wSdl0B-Jkgw,https://www.youtube.com/watch?v=wSdl0B-Jkgw,شرح سنن ابن ماجه,250,الدرس (250) شرح سنن ابن ماجة -رحمه الله- كتاب ال,2022-05-15,75,
HdORgnbwYtY,https://www.youtube.com/watch?v=HdORgnbwYtY,شرح سنن ابن ماجه,251,الدرس (251) شرح سنن ابن ماجة -رحمه الله- كتاب ال,2022-05-19,74,
4aL2-cyJzeU,https://www.youtube.com/watch?v=4aL2-cyJzeU,شرح سنن ابن ماجه,252,الدرس (252) شرح سنن ابن ماجة -رحمه الله- كتاب الدعاء ح 3895,2022-05-21,110,
w66tiYIJ7rc,https://www.youtube.com/watch?v=w66tiYIJ7rc,شرح سنن ابن ماجه,253,الدرس (253) شرح سنن ابن ماجة -رحمه الله- كتاب الدعاء ح 3904,2022-05-21,75,
Y02A4NpA_G8,https://www.youtube.com/watch?v=Y02A4NpA_G8,شرح سنن ابن ماجه,254,الدرس (254) شرح سنن ابن ماجة -رحمه الله- كتاب الدعاء ح 3910,2022-05-29,77,
Z1PmNxe6pg8,https://www.youtube.com/watch?v=Z1PmNxe6pg8,شرح سنن ابن ماجه,255,الدرس (255) شرح سنن ابن ماجة -رحمه الله- كتاب الدعاء ح 3920,2022-06-02,78,
pzv8yw1k704,https://www.youtube.com/watch?v=pzv8yw1k704,شرح سنن ابن ماجه,256,الدرس (256) شرح سنن ابن ماجة -رحمه الله- كتاب الدعاء ح 3935,2022-06-02,72,
5ZWSgzUyDp8,https://www.youtube.com/watch?v=5ZWSgzUyDp8,شرح سنن ابن ماجه,257,الدرس (257) شرح سنن ابن ماجة -رحمه الله- كتاب الدعاء ح 3945,2022-06-05,75,
R-rn-AxNsKk,https://www.youtube.com/watch?v=R-rn-AxNsKk,شرح سنن ابن ماجه,258,الدرس (258) شرح سنن ابن ماجة -رحمه الله- كتاب الدعاء ح 3956,2022-06-09,81,
c0cL4DnMhIM,https://www.youtube.com/watch?v=c0cL4DnMhIM,شرح سنن ابن ماجه,259,الدرس (259) شرح سنن ابن ماجة -رحمه الله- كتاب الدعاء ح 3970,2022-06-10,75,
SMfBbIIQEtU,https://www.youtube.com/watch?v=SMfBbIIQEtU,شرح سنن ابن ماجه,260,الدرس (260) شرح سنن ابن ماجة -رحمه الله- تعبيرالرؤيا ح 3985,2022-06-12,75,
-RSdQEOK9_E,https://www.youtube.com/watch?v=-RSdQEOK9_E,شرح سنن ابن ماجه,262,الدرس (262) شرح سنن ابن ماجة -رحمه الله- كتاب الفتن ح 3997,2022-06-16,92,
tSYCfwK8oec,https://www.youtube.com/watch?v=tSYCfwK8oec,شرح سنن ابن ماجه,263,الدرس (263) شرح سنن ابن ماجة -رحمه الله- كتاب الفتن ح 4008,2022-06-17,79,
MYyFO6nmGH4,https://www.youtube.com/watch?v=MYyFO6nmGH4,شرح سنن ابن ماجه,264,الدرس (264) شرح سنن ابن ماجة -رحمه الله- كتاب الفتن ح 4022,2022-06-19,70,
WY7f9WXNoE4,https://www.youtube.com/watch?v=WY7f9WXNoE4,شرح سنن ابن ماجه,265,الدرس (265) شرح سنن ابن ماجة -رحمه الله- كتاب الفتن ح 4024,2022-06-23,78,
dHniFax8XgQ,https://www.youtube.com/watch?v=dHniFax8XgQ,شرح سنن ابن ماجه,266,الدرس (266) شرح سنن ابن ماجة -رحمه الله- كتاب الفتن ح 4031,2022-07-21,72,
Ez2dm6Huifk,https://www.youtube.com/watch?v=Ez2dm6Huifk,شرح سنن ابن ماجه,267,الدرس (267) شرح سنن ابن ماجة -رحمه الله- كتاب الفتن ح 4042,2022-07-22,75,
UGoPUX6NIcE,https://www.youtube.com/watch?v=UGoPUX6NIcE,شرح سنن ابن ماجه,268,الدرس (268) شرح سنن ابن ماجة -رحمه الله- كتاب الفتن ح 4052,2022-07-24,75,
VEtOMOmfyr0,https://www.youtube.com/watch?v=VEtOMOmfyr0,شرح سنن ابن ماجه,269,الدرس (269) شرح سنن ابن ماجة -رحمه الله- كتاب الفتن ح 4063,2022-07-28,69,
ACzhX5MiVb4,https://www.youtube.com/watch?v=ACzhX5MiVb4,شرح سنن ابن ماجه,270,الدرس (270) شرح سنن ابن ماجة -رحمه الله- كتاب الفتن ح 4070,2022-07-31,71,
oTi7n_dlOyo,https://www.youtube.com/watch?v=oTi7n_dlOyo,شرح سنن ابن ماجه,271,الدرس (271) شرح سنن ابن ماجة -رحمه الله- كتاب الفتن ح 4081,2022-08-04,77,
LYlToRWYfqs,https://www.youtube.com/watch?v=LYlToRWYfqs,شرح سنن ابن ماجه,272,الدرس (272) شرح سنن ابن ماجة -رحمه الله- كتاب الفتن ح 4092,2022-08-05,74,
4EgQNJ1BelI,https://www.youtube.com/watch?v=4EgQNJ1BelI,شرح سنن ابن ماجه,273,الدرس (273) شرح سنن ابن ماجة -رحمه الله- كتاب الفتن ح 4103,2022-08-07,76,
eGvDC4Jc2d8,https://www.youtube.com/watch?v=eGvDC4Jc2d8,شرح سنن ابن ماجه,274,الدرس (274) شرح سنن ابن ماجة -رحمه الله- كتاب الفتن ح 4113,2022-08-11,80,
XE8r3wmXoFU,https://www.youtube.com/watch?v=XE8r3wmXoFU,شرح سنن ابن ماجه,275,الدرس (275) شرح سنن ابن ماجة -رحمه الله- كتاب الفتن ح 4122,2022-08-12,74,
EU2NxI43vKY,https://www.youtube.com/watch?v=EU2NxI43vKY,شرح سنن ابن ماجه,276,الدرس (276) شرح سنن ابن ماجة -رحمه الله- كتاب الفتن ح 4136,2022-08-26,76,
K14YDvecviQ,https://www.youtube.com/watch?v=K14YDvecviQ,شرح سنن ابن ماجه,277,الدرس (277) شرح سنن ابن ماجة -رحمه الله- كتاب الفتن ح 4148,2022-09-01,64,
hUArBpQc_gY,https://www.youtube.com/watch?v=hUArBpQc_gY,شرح سنن ابن ماجه,279,الدرس (279) شرح سنن ابن ماجة -رحمه الله- كتاب الزهد ح 4180,2022-09-08,75,
Ey7jUG9068c,https://www.youtube.com/watch?v=Ey7jUG9068c,شرح سنن ابن ماجه,280,الدرس (280) شرح سنن ابن ماجة -رحمه الله- كتاب الفتن ح 4192,2022-09-09,70,
eWTEyz3_oSc,https://www.youtube.com/watch?v=eWTEyz3_oSc,شرح سنن ابن ماجه,281,الدرس (281) شرح سنن ابن ماجة -رحمه الله- كتاب الزهد ح 4203,2022-09-11,75,
X5EfoYsh4kA,https://www.youtube.com/watch?v=X5EfoYsh4kA,شرح سنن ابن ماجه,282,الدرس (282) شرح سنن ابن ماجة -رحمه الله- كتاب الزهد ح 4219,2022-09-15,75,
q9rY0vlDotA,https://www.youtube.com/watch?v=q9rY0vlDotA,شرح سنن ابن ماجه,283,الدرس (283) شرح سنن ابن ماجة -رحمه الله- كتاب الزهد ح 4239,2022-09-16,75,
6Wx67TnL4iU,https://www.youtube.com/watch?v=6Wx67TnL4iU,شرح سنن ابن ماجه,284,الدرس (284) شرح سنن ابن ماجة -رحمه الله- كتاب الزهد ح 4239,2022-09-18,78,
eZNZGlF9D7M,https://www.youtube.com/watch?v=eZNZGlF9D7M,شرح سنن ابن ماجه,285,الدرس (285) شرح سنن ابن ماجة -رحمه الله- كتاب الزهد ح 4266,2022-09-23,74,
Rm9HlDmi1Gw,https://www.youtube.com/watch?v=Rm9HlDmi1Gw,شرح سنن ابن ماجه,286,الدرس (286) شرح سنن ابن ماجة -رحمه الله- كتاب الزهد ح 4277,2022-09-25,75,
ZNp0wSyJq6I,https://www.youtube.com/watch?v=ZNp0wSyJq6I,شرح سنن ابن ماجه,287,الدرس (287) شرح سنن ابن ماجة -رحمه الله- كتاب الزهد ح 4291,2022-09-29,74,
TiC2TNkq4DI,https://www.youtube.com/watch?v=TiC2TNkq4DI,شرح سنن ابن ماجه,288,الدرس (288) شرح سنن ابن ماجة -رحمه الله- كتاب الزهد ح 4303,2022-10-06,75,
X85dAdS8pgU,https://www.youtube.com/watch?v=X85dAdS8pgU,شرح سنن ابن ماجه,289,الدرس (289) شرح سنن ابن ماجة -رحمه الله- كتاب الزهد ح 4315,2022-10-07,110,
YsI9CwVD84A,https://www.youtube.com/watch?v=YsI9CwVD84A,شرح سنن ابن ماجه,290,الدرس (290) شرح سنن ابن ماجة -رحمه الله- كتاب الزهد ح 4328,2022-10-09,84,
oGO_S7FWAfw,https://www.youtube.com/watch?v=oGO_S7FWAfw,شرح سنن ابن ماجه,291,الدرس (291) شرح سنن ابن ماجة -رحمه الله- كتاب الزهد ح 4338,2022-10-13,73,
o1Yo7_gow8g,https://www.youtube.com/watch?v=o1Yo7_gow8g,شرح سنن ابن ماجه,292,الدرس (292) شرح سنن ابن ماجة -رحمه الله- كتاب الزهد ح 4351,2022-10-14,77,
QVVV4dOeXYU,https://www.youtube.com/watch?v=QVVV4dOeXYU,شرح سنن ابن ماجه,293,الدرس (293) شرح سنن ابن ماجة -رحمه الله- كتاب الزهد ح 4364,2022-10-20,77,
G61B1tONLHI,https://www.youtube.com/watch?v=G61B1tONLHI,شرح سنن ابن ماجه,294,الدرس (294) شرح سنن ابن ماجة -رحمه الله- كتاب الزهد ح 4378,2022-10-21,75,
m-nNCr1rJh0,https://www.youtube.com/watch?v=m-nNCr1rJh0,شرح سنن ابن ماجه,295,الدرس (295) شرح سنن ابن ماجة -رحمه الله- كتاب الزهد ح 4386,2022-10-23,72,
cmRw6qsZQsc,https://www.youtube.com/watch?v=cmRw6qsZQsc,شرح سنن ابن ماجه,296,الدرس (296) شرح سنن ابن ماجة -رحمه الله- كتاب الزهد ح 4397,2022-10-28,74,
RnClK9m1pA0,https://www.youtube.com/watch?v=RnClK9m1pA0,شرح سنن ابن ماجه,,شرح سنن ابن ماجه رحمه الله,2019-06-22,45,
qmvvtqCMew4,https://www.youtube.com/watch?v=qmvvtqCMew4,شرح سنن ابن ماجه,,شرح سنن ابن ماجه - رحمه الله,2021-05-05,0,
_9XGr5xZTJE,https://www.youtube.com/watch?v=_9XGr5xZTJE,شرح سنن ابن ماجه,,شرح سنن ابن ماجه - رحمه الله,2022-01-06,0,
gTtpEZeuKlU,https://www.youtube.com/watch?v=gTtpEZeuKlU,شرح سنن ابن ماجه,,شرح سنن ابن ماجه - رحمه الله,2022-02-03,4,
0gf4OG9lAQg,https://www.youtube.com/watch?v=0gf4OG9lAQg,شرح سنن ابن ماجه,,شرح سنن ابن ماجه - رحمه الله,2022-05-13,64,
S3f2SH-Bf7Q,https://www.youtube.com/watch?v=S3f2SH-Bf7Q,شرح سنن ابن ماجه,,شرح سنن ابن ماجه - رحمه الله,2022-05-15,70,
_VfksxYG7gg,https://www.youtube.com/watch?v=_VfksxYG7gg,شرح سنن ابن ماجه,,شرح سنن ابن ماجه - رحمه الله-كتاب الدعاء,2022-06-02,79,
XKnxpPjlniI,https://www.youtube.com/watch?v=XKnxpPjlniI,شرح سنن ابن ماجه,,درس الختم (297) شرح سنن ابن ماجة -رحمه الله- كتاب الزهد ح4409,2022-11-03,70,
4uU8mwvnu-o,https://www.youtube.com/watch?v=4uU8mwvnu-o,السماع والتعليق على فضائل الصحابة,1,مجلس السماع والتعليق على كتاب فضائل الصحابة (1),2024-08-23,27,
auZyaSCNmHM,https://www.youtube.com/watch?v=auZyaSCNmHM,السماع والتعليق على فضائل الصحابة,2,مجلس السماع والتعليق على كتاب فضائل الصحابة (2),2024-08-23,13,
3Eo2y_hLYYQ,https://www.youtube.com/watch?v=3Eo2y_hLYYQ,السماع والتعليق على فضائل الصحابة,3,مجلس السماع والتعليق على كتاب فضائل الصحابة (3),2024-08-23,32,
5JvwqXcCmFI,https://www.youtube.com/watch?v=5JvwqXcCmFI,السماع والتعليق على فضائل الصحابة,4,مجلس السماع والتعليق على كتاب فضائل الصحابة (4),2024-08-23,32,
o9xabdh90WY,https://www.youtube.com/watch?v=o9xabdh90WY,السماع والتعليق على فضائل الصحابة,5,مجلس السماع والتعليق على كتاب فضائل الصحابة (5),2024-08-23,32,
KY46pHDsCuA,https://www.youtube.com/watch?v=KY46pHDsCuA,السماع والتعليق على فضائل الصحابة,6,مجلس السماع والتعليق على كتاب فضائل الصحابة (6),2024-08-23,30,
Xz_uyY4_CBg,https://www.youtube.com/watch?v=Xz_uyY4_CBg,السماع والتعليق على فضائل الصحابة,7,مجلس السماع والتعليق على كتاب فضائل الصحابة (7),2024-08-23,28,
BmNhDpONkMk,https://www.youtube.com/watch?v=BmNhDpONkMk,السماع والتعليق على فضائل الصحابة,8,مجلس السماع والتعليق على كتاب فضائل الصحابة (8),2024-08-23,28,
1m0YgYe_174,https://www.youtube.com/watch?v=1m0YgYe_174,السماع والتعليق على فضائل الصحابة,9,مجلس السماع والتعليق على كتاب فضائل الصحابة (9),2024-08-23,29,
eTVKQ6Z_cXk,https://www.youtube.com/watch?v=eTVKQ6Z_cXk,السماع والتعليق على فضائل الصحابة,10,مجلس السماع والتعليق على كتاب فضائل الصحابة (10),2024-08-23,29,
hAbaK1e0Wn0,https://www.youtube.com/watch?v=hAbaK1e0Wn0,السماع والتعليق على فضائل الصحابة,11,مجلس السماع والتعليق على كتاب فضائل الصحابة (11),2024-08-23,26,
wd12c0nyQxw,https://www.youtube.com/watch?v=wd12c0nyQxw,السماع والتعليق على فضائل الصحابة,12,مجلس السماع والتعليق على كتاب فضائل الصحابة (12),2024-08-23,23,
kBt2vOJWmV0,https://www.youtube.com/watch?v=kBt2vOJWmV0,السماع والتعليق على فضائل الصحابة,13,مجلس السماع والتعليق على كتاب فضائل الصحابة (13),2024-08-23,22,
7L_-KpoZUYM,https://www.youtube.com/watch?v=7L_-KpoZUYM,السماع والتعليق على فضائل الصحابة,14,مجلس السماع والتعليق على كتاب فضائل الصحابة (14),2024-08-23,27,
knr7a3LjS7Y,https://www.youtube.com/watch?v=knr7a3LjS7Y,السماع والتعليق على فضائل الصحابة,15,مجلس السماع والتعليق على كتاب فضائل الصحابة (15),2024-08-23,27,
7mfT0RNkDLc,https://www.youtube.com/watch?v=7mfT0RNkDLc,السماع والتعليق على فضائل الصحابة,16,مجلس السماع والتعليق على كتاب فضائل الصحابة (16),2024-08-23,25,
tvAbyJ2Hv4Q,https://www.youtube.com/watch?v=tvAbyJ2Hv4Q,السماع والتعليق على فضائل الصحابة,17,مجلس السماع والتعليق على كتاب فضائل الصحابة (17),2024-08-28,22,
d56ROtD-2nc,https://www.youtube.com/watch?v=d56ROtD-2nc,السماع والتعليق على فضائل الصحابة,18,مجلس السماع والتعليق على كتاب فضائل الصحابة (18),2024-08-29,15,
AAZgmQdEKz0,https://www.youtube.com/watch?v=AAZgmQdEKz0,السماع والتعليق على فضائل الصحابة,19,مجلس السماع والتعليق على كتاب فضائل الصحابة (19),2024-09-03,18,
ZjKplTH7JWk,https://www.youtube.com/watch?v=ZjKplTH7JWk,السماع والتعليق على فضائل الصحابة,20,مجلس السماع والتعليق على كتاب فضائل الصحابة (20),2024-09-12,13,
fd1i_rZqPpE,https://www.youtube.com/watch?v=fd1i_rZqPpE,السماع والتعليق على فضائل الصحابة,21,مجلس السماع والتعليق على كتاب فضائل الصحابة (21),2024-09-12,17,
uX4JKtfnjKA,https://www.youtube.com/watch?v=uX4JKtfnjKA,السماع والتعليق على فضائل الصحابة,22,مجلس السماع والتعليق على كتاب فضائل الصحابة (22),2024-09-15,15,
2jysOHGf5lM,https://www.youtube.com/watch?v=2jysOHGf5lM,السماع والتعليق على فضائل الصحابة,23,مجلس السماع والتعليق على كتاب فضائل الصحابة (23),2024-09-19,28,
jLg4uFOEy84,https://www.youtube.com/watch?v=jLg4uFOEy84,السماع والتعليق على فضائل الصحابة,24,مجلس السماع والتعليق على كتاب فضائل الصحابة (24),2024-09-19,16,
zlg-FvtZ7ko,https://www.youtube.com/watch?v=zlg-FvtZ7ko,السماع والتعليق على فضائل الصحابة,25,مجلس السماع والتعليق على كتاب فضائل الصحابة (25),2024-09-23,14,
0hGcHwLfmOc,https://www.youtube.com/watch?v=0hGcHwLfmOc,السماع والتعليق على فضائل الصحابة,26,مجلس السماع والتعليق على كتاب فضائل الصحابة (26),2024-09-25,23,
YF1zyErT6c8,https://www.youtube.com/watch?v=YF1zyErT6c8,السماع والتعليق على فضائل الصحابة,27,مجلس السماع والتعليق على كتاب فضائل الصحابة (27),2024-09-26,4,
i1wuGL__HrU,https://www.youtube.com/watch?v=i1wuGL__HrU,السماع والتعليق على فضائل الصحابة,28,مجلس السماع والتعليق على كتاب فضائل الصحابة (28),2024-09-28,15,
ODIC-S23Jx4,https://www.youtube.com/watch?v=ODIC-S23Jx4,السماع والتعليق على فضائل الصحابة,29,مجلس السماع والتعليق على كتاب فضائل الصحابة (29),2024-10-03,12,
6z3mgQTqLXc,https://www.youtube.com/watch?v=6z3mgQTqLXc,السماع والتعليق على فضائل الصحابة,30,مجلس السماع والتعليق على كتاب فضائل الصحابة (30),2024-10-08,12,
08AcsxKp5pQ,https://www.youtube.com/watch?v=08AcsxKp5pQ,السماع والتعليق على فضائل الصحابة,31,مجلس السماع والتعليق على كتاب فضائل الصحابة (31),2024-10-08,10,
v_tswNhmLN4,https://www.youtube.com/watch?v=v_tswNhmLN4,السماع والتعليق على فضائل الصحابة,32,مجلس السماع والتعليق على كتاب فضائل الصحابة (32),2024-10-14,10,
jnPpHH8QfmM,https://www.youtube.com/watch?v=jnPpHH8QfmM,السماع والتعليق على فضائل الصحابة,33,مجلس السماع والتعليق على كتاب فضائل الصحابة (33),2024-10-17,13,
wklQMHGJMEA,https://www.youtube.com/watch?v=wklQMHGJMEA,السماع والتعليق على فضائل الصحابة,34,مجلس السماع والتعليق على كتاب فضائل الصحابة (34),2024-10-24,11,
ikUE_JPR000,https://www.youtube.com/watch?v=ikUE_JPR000,السماع والتعليق على فضائل الصحابة,35,مجلس السماع والتعليق على كتاب فضائل الصحابة (35),2024-10-24,15,
zXbGlSbgzxE,https://www.youtube.com/watch?v=zXbGlSbgzxE,السماع والتعليق على فضائل الصحابة,36,مجلس السماع والتعليق على كتاب فضائل الصحابة (36),2024-10-24,13,
ggNVC5bM3Dw,https://www.youtube.com/watch?v=ggNVC5bM3Dw,السماع والتعليق على فضائل الصحابة,37,مجلس السماع والتعليق على كتاب فضائل الصحابة (37),2024-10-27,21,
9-hcEja01f0,https://www.youtube.com/watch?v=9-hcEja01f0,السماع والتعليق على فضائل الصحابة,38,مجلس السماع والتعليق على كتاب فضائل الصحابة (38),2024-10-30,8,
Ky0utyAAn8U,https://www.youtube.com/watch?v=Ky0utyAAn8U,السماع والتعليق على فضائل الصحابة,39,مجلس السماع والتعليق على كتاب فضائل الصحابة (39),2024-11-26,6,
aHmtclZyTAs,https://www.youtube.com/watch?v=aHmtclZyTAs,السماع والتعليق على فضائل الصحابة,40,مجلس السماع والتعليق على كتاب فضائل الصحابة (40),2024-11-26,21,
oPx8CAcLOEE,https://www.youtube.com/watch?v=oPx8CAcLOEE,السماع والتعليق على فضائل الصحابة,41,مجلس السماع والتعليق على كتاب فضائل الصحابة (41),2025-01-10,7,
Ju6mCaFSa5Y,https://www.youtube.com/watch?v=Ju6mCaFSa5Y,السماع والتعليق على فضائل الصحابة,42,مجلس السماع والتعليق على كتاب فضائل الصحابة (42),2025-01-11,15,
LQYbp-lVo6M,https://www.youtube.com/watch?v=LQYbp-lVo6M,السماع والتعليق على فضائل الصحابة,43,مجلس السماع والتعليق على كتاب فضائل الصحابة (43),2025-01-11,27,
O050JqKMSW0,https://www.youtube.com/watch?v=O050JqKMSW0,السماع والتعليق على فضائل الصحابة,44,مجلس السماع والتعليق على كتاب فضائل الصحابة (44),2025-01-14,25,
ISwyPolsvE8,https://www.youtube.com/watch?v=ISwyPolsvE8,السماع والتعليق على فضائل الصحابة,45,مجلس السماع والتعليق على كتاب فضائل الصحابة (45),2025-01-22,26,
0by-jJNgRTM,https://www.youtube.com/watch?v=0by-jJNgRTM,السماع والتعليق على فضائل الصحابة,46,مجلس السماع والتعليق على كتاب فضائل الصحابة (46),2025-01-22,12,
sR_jOX3FxTA,https://www.youtube.com/watch?v=sR_jOX3FxTA,السماع والتعليق على فضائل الصحابة,47,مجلس السماع والتعليق على كتاب فضائل الصحابة (47),2025-01-22,14,
gg_Su9HkDYs,https://www.youtube.com/watch?v=gg_Su9HkDYs,السماع والتعليق على فضائل الصحابة,48,مجلس السماع والتعليق على كتاب فضائل الصحابة (48),2025-02-01,10,
aVfskjB9ZNc,https://www.youtube.com/watch?v=aVfskjB9ZNc,السماع والتعليق على فضائل الصحابة,49,مجلس السماع والتعليق على كتاب فضائل الصحابة (49),2025-02-01,19,
t_LMk7mnFX0,https://www.youtube.com/watch?v=t_LMk7mnFX0,السماع والتعليق على فضائل الصحابة,50,مجلس السماع والتعليق على كتاب فضائل الصحابة (50),2025-02-01,19,
bKuxbjnth1E,https://www.youtube.com/watch?v=bKuxbjnth1E,السماع والتعليق على فضائل الصحابة,51,مجلس السماع والتعليق على كتاب فضائل الصحابة (51),2025-02-01,29,
XIWsRkbkCsM,https://www.youtube.com/watch?v=XIWsRkbkCsM,السماع والتعليق على فضائل الصحابة,52,مجلس السماع والتعليق على كتاب فضائل الصحابة (52),2025-02-06,32,
Y8J-d3CUSGI,https://www.youtube.com/watch?v=Y8J-d3CUSGI,السماع والتعليق على فضائل الصحابة,53,مجلس السماع والتعليق على كتاب فضائل الصحابة (53),2025-02-06,24,
F8dKbv1g6p0,https://www.youtube.com/watch?v=F8dKbv1g6p0,السماع والتعليق على فضائل الصحابة,54,مجلس السماع والتعليق على كتاب فضائل الصحابة (54),2025-02-23,19,
Q9i56Y9HUUc,https://www.youtube.com/watch?v=Q9i56Y9HUUc,السماع والتعليق على فضائل الصحابة,55,مجلس السماع والتعليق على كتاب فضائل الصحابة (55),2025-02-23,18,
ZbiVPsmhEMA,https://www.youtube.com/watch?v=ZbiVPsmhEMA,السماع والتعليق على فضائل الصحابة,56,مجلس السماع والتعليق على كتاب فضائل الصحابة (56),2025-02-23,28,
1hX2hFUc4u8,https://www.youtube.com/watch?v=1hX2hFUc4u8,السماع والتعليق على فضائل الصحابة,57,مجلس السماع والتعليق على كتاب فضائل الصحابة (57),2025-02-23,27,
CYyxXPeJKnU,https://www.youtube.com/watch?v=CYyxXPeJKnU,السماع والتعليق على فضائل الصحابة,58,مجلس السماع والتعليق على كتاب فضائل الصحابة (58),2025-02-23,21,
tIJ_9jqV9Xw,https://www.youtube.com/watch?v=tIJ_9jqV9Xw,السماع والتعليق على فضائل الصحابة,59,مجلس السماع والتعليق على كتاب فضائل الصحابة (59),2025-02-23,22,
TJVaP6PAqe0,https://www.youtube.com/watch?v=TJVaP6PAqe0,السماع والتعليق على فضائل الصحابة,60,مجلس السماع والتعليق على كتاب فضائل الصحابة (60),2025-03-06,26,
-GbHD69dm0A,https://www.youtube.com/watch?v=-GbHD69dm0A,السماع والتعليق على فضائل الصحابة,61,مجلس السماع والتعليق على كتاب فضائل الصحابة (61),2025-06-19,38,
nLwtCwgGbQA,https://www.youtube.com/watch?v=nLwtCwgGbQA,السماع والتعليق على فضائل الصحابة,62,مجلس السماع والتعليق على كتاب فضائل الصحابة (62),2025-06-19,33,
AKijnf8mrps,https://www.youtube.com/watch?v=AKijnf8mrps,السماع والتعليق على فضائل الصحابة,63,مجلس السماع والتعليق على كتاب فضائل الصحابة (63),2025-06-19,33,
G4fdZKxKIRI,https://www.youtube.com/watch?v=G4fdZKxKIRI,السماع والتعليق على فضائل الصحابة,64,مجلس السماع والتعليق على كتاب فضائل الصحابة (64),2025-06-19,14,
-Y3bEZwl96U,https://www.youtube.com/watch?v=-Y3bEZwl96U,السماع والتعليق على فضائل الصحابة,65,مجلس السماع والتعليق على كتاب فضائل الصحابة (65),2025-06-19,35,
0HApZnn8rww,https://www.youtube.com/watch?v=0HApZnn8rww,السماع والتعليق على فضائل الصحابة,66,مجلس السماع والتعليق على كتاب فضائل الصحابة (66),2025-06-21,36,
2aQzm_Nv6Jc,https://www.youtube.com/watch?v=2aQzm_Nv6Jc,السماع والتعليق على فضائل الصحابة,67,مجلس السماع والتعليق على كتاب فضائل الصحابة (67),2025-06-28,36,
1eTr4DHzvrg,https://www.youtube.com/watch?v=1eTr4DHzvrg,السماع والتعليق على فضائل الصحابة,68,مجلس السماع والتعليق على كتاب فضائل الصحابة (68),2025-06-28,35,
BXNF4BdR2XA,https://www.youtube.com/watch?v=BXNF4BdR2XA,السماع والتعليق على فضائل الصحابة,69,مجلس السماع والتعليق على كتاب فضائل الصحابة (69),2025-07-03,37,
WXI0G9Qi4Gw,https://www.youtube.com/watch?v=WXI0G9Qi4Gw,السماع والتعليق على فضائل الصحابة,70,مجلس السماع والتعليق على كتاب فضائل الصحابة (70),2025-07-04,38,
6VxsCL1TybY,https://www.youtube.com/watch?v=6VxsCL1TybY,السماع والتعليق على فضائل الصحابة,71,مجلس السماع والتعليق على كتاب فضائل الصحابة (71),2025-07-06,31,
xAepBFDncPI,https://www.youtube.com/watch?v=xAepBFDncPI,السماع والتعليق على فضائل الصحابة,72,مجلس السماع والتعليق على كتاب فضائل الصحابة (72),2025-07-10,38,
kIoiSXvDoiI,https://www.youtube.com/watch?v=kIoiSXvDoiI,السماع والتعليق على فضائل الصحابة,73,مجلس السماع والتعليق على كتاب فضائل الصحابة (73),2025-07-11,54,
DRFCztMERgw,https://www.youtube.com/watch?v=DRFCztMERgw,السماع والتعليق على فضائل الصحابة,74,مجلس السماع والتعليق على كتاب فضائل الصحابة (74),2025-07-13,45,
36Mv6aivmEQ,https://www.youtube.com/watch?v=36Mv6aivmEQ,السماع والتعليق على فضائل الصحابة,75,مجلس السماع والتعليق على كتاب فضائل الصحابة (75),2025-07-17,43,
UDaRpDAq4WQ,https://www.youtube.com/watch?v=UDaRpDAq4WQ,السماع والتعليق على فضائل الصحابة,76,مجلس السماع والتعليق على كتاب فضائل الصحابة (76),2025-07-17,34,
j40NuRxFcZQ,https://www.youtube.com/watch?v=j40NuRxFcZQ,السماع والتعليق على فضائل الصحابة,77,مجلس السماع والتعليق على كتاب فضائل الصحابة (77),2025-07-19,27,
6abgNteeJo4,https://www.youtube.com/watch?v=6abgNteeJo4,السماع والتعليق على فضائل الصحابة,78,مجلس السماع والتعليق على كتاب فضائل الصحابة (78),2025-07-26,21,
Uh7lfoRC8Lw,https://www.youtube.com/watch?v=Uh7lfoRC8Lw,السماع والتعليق على فضائل الصحابة,79,مجلس السماع والتعليق على كتاب فضائل الصحابة (79),2025-08-03,28,
SmFUFkPW66A,https://www.youtube.com/watch?v=SmFUFkPW66A,السماع والتعليق على فضائل الصحابة,80,مجلس السماع والتعليق على كتاب فضائل الصحابة (80),2025-08-09,26,
Bzm9nL2Wb9w,https://www.youtube.com/watch?v=Bzm9nL2Wb9w,السماع والتعليق على فضائل الصحابة,81,مجلس السماع والتعليق على كتاب فضائل الصحابة (81),2025-08-21,23,
2Gt4gPJfsrQ,https://www.youtube.com/watch?v=2Gt4gPJfsrQ,السماع والتعليق على فضائل الصحابة,82,مجلس السماع والتعليق على كتاب فضائل الصحابة (82),2025-08-21,23,
vIkjaK-Gj6A,https://www.youtube.com/watch?v=vIkjaK-Gj6A,السماع والتعليق على فضائل الصحابة,83,مجلس السماع والتعليق على كتاب فضائل الصحابة (83),2025-08-21,19,
Dms_PLcUnys,https://www.youtube.com/watch?v=Dms_PLcUnys,السماع والتعليق على فضائل الصحابة,84,مجلس السماع والتعليق على كتاب فضائل الصحابة (84),2025-08-21,12,
3WzXhBtZS1o,https://www.youtube.com/watch?v=3WzXhBtZS1o,السماع والتعليق على فضائل الصحابة,85,مجلس السماع والتعليق على كتاب فضائل الصحابة (85),2025-08-23,17,
Gx5Czxka2_Q,https://www.youtube.com/watch?v=Gx5Czxka2_Q,السماع والتعليق على فضائل الصحابة,86,مجلس السماع والتعليق على كتاب فضائل الصحابة (86),2025-08-28,15,
q51W8H-qBWM,https://www.youtube.com/watch?v=q51W8H-qBWM,السماع والتعليق على فضائل الصحابة,87,مجلس السماع والتعليق على كتاب فضائل الصحابة (87),2025-08-28,18,
-IImSYYFiEk,https://www.youtube.com/watch?v=-IImSYYFiEk,السماع والتعليق على فضائل الصحابة,88,مجلس السماع والتعليق على كتاب فضائل الصحابة (88),2025-09-04,17,
eVL_uyphf8Y,https://www.youtube.com/watch?v=eVL_uyphf8Y,السماع والتعليق على فضائل الصحابة,89,مجلس السماع والتعليق على كتاب فضائل الصحابة (89),2025-09-07,31,
nfiYhNvdaOM,https://www.youtube.com/watch?v=nfiYhNvdaOM,السماع والتعليق على فضائل الصحابة,90,مجلس السماع والتعليق على كتاب فضائل الصحابة (90),2025-09-07,24,
o41vnmsTW9s,https://www.youtube.com/watch?v=o41vnmsTW9s,السماع والتعليق على فضائل الصحابة,91,مجلس السماع والتعليق على كتاب فضائل الصحابة (91),2025-09-11,9,
1COpD5qU3GE,https://www.youtube.com/watch?v=1COpD5qU3GE,السماع والتعليق على فضائل الصحابة,92,مجلس السماع والتعليق على كتاب فضائل الصحابة (92),2025-09-21,25,
jqur0aidLM4,https://www.youtube.com/watch?v=jqur0aidLM4,السماع والتعليق على فضائل الصحابة,93,مجلس السماع والتعليق على كتاب فضائل الصحابة (93),2025-09-21,17,
e5FRY1ZcQEk,https://www.youtube.com/watch?v=e5FRY1ZcQEk,السماع والتعليق على فضائل الصحابة,94,مجلس السماع والتعليق على كتاب فضائل الصحابة (94),2025-09-21,33,
GZUgGoZ6qA0,https://www.youtube.com/watch?v=GZUgGoZ6qA0,السماع والتعليق على فضائل الصحابة,95,مجلس السماع والتعليق على كتاب فضائل الصحابة (95),2025-09-25,18,
MsrQ_i7rfZQ,https://www.youtube.com/watch?v=MsrQ_i7rfZQ,السماع والتعليق على فضائل الصحابة,96,مجلس السماع والتعليق على كتاب فضائل الصحابة (96),2025-09-25,22,
vWBYAQrgxYE,https://www.youtube.com/watch?v=vWBYAQrgxYE,السماع والتعليق على فضائل الصحابة,97,مجلس السماع والتعليق على كتاب فضائل الصحابة (97),2025-09-28,24,
fnmVdTcvxRE,https://www.youtube.com/watch?v=fnmVdTcvxRE,السماع والتعليق على فضائل الصحابة,98,مجلس السماع والتعليق على كتاب فضائل الصحابة (98),2025-10-03,14,
5ZivY_MQtn0,https://www.youtube.com/watch?v=5ZivY_MQtn0,السماع والتعليق على فضائل الصحابة,99,مجلس السماع والتعليق على كتاب فضائل الصحابة (99),2025-10-03,21,
n7xqRVV1t0s,https://www.youtube.com/watch?v=n7xqRVV1t0s,السماع والتعليق على فضائل الصحابة,100,مجلس السماع والتعليق على كتاب فضائل الصحابة (100),2025-10-04,7,
2l2bxTlKdgQ,https://www.youtube.com/watch?v=2l2bxTlKdgQ,السماع والتعليق على فضائل الصحابة,101,مجلس السماع والتعليق على كتاب فضائل الصحابة (101),2025-10-10,14,
V6wrNzWtulM,https://www.youtube.com/watch?v=V6wrNzWtulM,السماع والتعليق على فضائل الصحابة,102,مجلس السماع والتعليق على كتاب فضائل الصحابة (102),2025-10-12,11,
OeGMnKoTK7c,https://www.youtube.com/watch?v=OeGMnKoTK7c,السماع والتعليق على فضائل الصحابة,103,مجلس السماع والتعليق على كتاب فضائل الصحابة (103),2025-10-17,24,
0hBxzS6B9rE,https://www.youtube.com/watch?v=0hBxzS6B9rE,السماع والتعليق على فضائل الصحابة,104,مجلس السماع والتعليق على كتاب فضائل الصحابة (104),2025-10-19,8,
LCm4KGgb0Wc,https://www.youtube.com/watch?v=LCm4KGgb0Wc,السماع والتعليق على فضائل الصحابة,105,مجلس السماع والتعليق على كتاب فضائل الصحابة (105),2025-10-19,12,
2Uzbg116R8M,https://www.youtube.com/watch?v=2Uzbg116R8M,السماع والتعليق على فضائل الصحابة,106,مجلس السماع والتعليق على كتاب فضائل الصحابة (106),2025-10-28,21,
Q_4FA8E4jXc,https://www.youtube.com/watch?v=Q_4FA8E4jXc,السماع والتعليق على فضائل الصحابة,107,مجلس السماع والتعليق على كتاب فضائل الصحابة (107),2025-10-30,16,
7ohcl68tNbY,https://www.youtube.com/watch?v=7ohcl68tNbY,السماع والتعليق على فضائل الصحابة,108,مجلس السماع والتعليق على كتاب فضائل الصحابة (108),2025-11-08,9,
xFsEAHPZ6ik,https://www.youtube.com/watch?v=xFsEAHPZ6ik,السماع والتعليق على فضائل الصحابة,109,مجلس السماع والتعليق على كتاب فضائل الصحابة (109),2025-11-08,13,
8-ju5zjNlX4,https://www.youtube.com/watch?v=8-ju5zjNlX4,السماع والتعليق على فضائل الصحابة,110,مجلس السماع والتعليق على كتاب فضائل الصحابة (110),2025-11-08,9,
N_wxlzageHA,https://www.youtube.com/watch?v=N_wxlzageHA,السماع والتعليق على فضائل الصحابة,111,مجلس السماع والتعليق على كتاب فضائل الصحابة (111),2025-11-13,17,
zqIG3WTthfs,https://www.youtube.com/watch?v=zqIG3WTthfs,السماع والتعليق على فضائل الصحابة,112,مجلس السماع والتعليق على كتاب فضائل الصحابة (112),2025-11-17,9,
XwHZH7KlmnM,https://www.youtube.com/watch?v=XwHZH7KlmnM,السماع والتعليق على فضائل الصحابة,113,مجلس السماع والتعليق على كتاب فضائل الصحابة (113),2025-12-07,11,
SZPto8Qi4WE,https://www.youtube.com/watch?v=SZPto8Qi4WE,السماع والتعليق على فضائل الصحابة,114,مجلس السماع والتعليق على كتاب فضائل الصحابة (114),2025-12-07,15,
hANog-TTr5k,https://www.youtube.com/watch?v=hANog-TTr5k,السماع والتعليق على فضائل الصحابة,115,مجلس السماع والتعليق على كتاب فضائل الصحابة (115),2025-12-15,12,
ItmlE3s7afc,https://www.youtube.com/watch?v=ItmlE3s7afc,السماع والتعليق على فضائل الصحابة,116,مجلس السماع والتعليق على كتاب فضائل الصحابة (116),2025-12-15,10,
vLeCW_eEISo,https://www.youtube.com/watch?v=vLeCW_eEISo,السماع والتعليق على فضائل الصحابة,117,مجلس السماع والتعليق على كتاب فضائل الصحابة (117),2025-12-15,10,
wWZ1JBdCP3k,https://www.youtube.com/watch?v=wWZ1JBdCP3k,السماع والتعليق على فضائل الصحابة,118,مجلس السماع والتعليق على كتاب فضائل الصحابة (118),2025-12-22,13,
043QWFemDrw,https://www.youtube.com/watch?v=043QWFemDrw,السماع والتعليق على فضائل الصحابة,119,مجلس السماع والتعليق على كتاب فضائل الصحابة (119),2025-12-22,4,
yQKcMtrYq0k,https://www.youtube.com/watch?v=yQKcMtrYq0k,السماع والتعليق على فضائل الصحابة,120,مجلس السماع والتعليق على كتاب فضائل الصحابة (120),2025-12-27,14,
4uIJunE5RzU,https://www.youtube.com/watch?v=4uIJunE5RzU,السماع والتعليق على فضائل الصحابة,121,مجلس السماع والتعليق على كتاب فضائل الصحابة (121),2025-12-28,14,
0_VptVCOEGg,https://www.youtube.com/watch?v=0_VptVCOEGg,السماع والتعليق على فضائل الصحابة,122,مجلس السماع والتعليق على كتاب فضائل الصحابة (122),2026-01-06,13,
QRQsVGexNkA,https://www.youtube.com/watch?v=QRQsVGexNkA,السماع والتعليق على فضائل الصحابة,123,مجلس السماع والتعليق على كتاب فضائل الصحابة (123),2026-01-06,8,
8BmgJ8LJ0Oc,https://www.youtube.com/watch?v=8BmgJ8LJ0Oc,السماع والتعليق على فضائل الصحابة,124,مجلس السماع والتعليق على كتاب فضائل الصحابة (124),2026-01-11,22,
9zK02Y7n6ws,https://www.youtube.com/watch?v=9zK02Y7n6ws,السماع والتعليق على فضائل الصحابة,125,مجلس السماع والتعليق على كتاب فضائل الصحابة (125),2026-01-11,16,
fqrEzkXRerE,https://www.youtube.com/watch?v=fqrEzkXRerE,السماع والتعليق على فضائل الصحابة,126,مجلس السماع والتعليق على كتاب فضائل الصحابة (126),2026-01-11,4,
rwe8149vobY,https://www.youtube.com/watch?v=rwe8149vobY,السماع والتعليق على فضائل الصحابة,127,مجلس السماع والتعليق على كتاب فضائل الصحابة (127),2026-01-17,11,
QN4FPDuXToU,https://www.youtube.com/watch?v=QN4FPDuXToU,السماع والتعليق على فضائل الصحابة,128,مجلس السماع والتعليق على كتاب فضائل الصحابة (128),2026-01-17,26,
J-cUZlRg7D0,https://www.youtube.com/watch?v=J-cUZlRg7D0,السماع والتعليق على فضائل الصحابة,129,مجلس السماع والتعليق على كتاب فضائل الصحابة (129),2026-01-25,17,
IfdARcWQpuo,https://www.youtube.com/watch?v=IfdARcWQpuo,السماع والتعليق على فضائل الصحابة,130,مجلس السماع والتعليق على كتاب فضائل الصحابة (130),2026-01-25,22,
dTN2Vgvuqds,https://www.youtube.com/watch?v=dTN2Vgvuqds,السماع والتعليق على فضائل الصحابة,131,مجلس السماع والتعليق على كتاب فضائل الصحابة (131),2026-02-03,25,
0SuXJArmqUg,https://www.youtube.com/watch?v=0SuXJArmqUg,السماع والتعليق على فضائل الصحابة,132,مجلس السماع والتعليق على كتاب فضائل الصحابة (132),2026-02-03,18,
FXJZBW2ICcI,https://www.youtube.com/watch?v=FXJZBW2ICcI,السماع والتعليق على فضائل الصحابة,133,مجلس السماع والتعليق على كتاب فضائل الصحابة (133),2026-02-03,24,
gZVQxnqXKlg,https://www.youtube.com/watch?v=gZVQxnqXKlg,السماع والتعليق على فضائل الصحابة,134,مجلس السماع والتعليق على كتاب فضائل الصحابة (134),2026-02-04,19,
duCDLec5I3Y,https://www.youtube.com/watch?v=duCDLec5I3Y,السماع والتعليق على فضائل الصحابة,135,مجلس السماع والتعليق على كتاب فضائل الصحابة (135),2026-02-07,24,
_9w3U-jQ8XE,https://www.youtube.com/watch?v=_9w3U-jQ8XE,السماع والتعليق على فضائل الصحابة,136,مجلس السماع والتعليق على كتاب فضائل الصحابة (136),2026-02-07,6,
MbtuUskUxOM,https://www.youtube.com/watch?v=MbtuUskUxOM,السماع والتعليق على فضائل الصحابة,136,مجلس السماع والتعليق على كتاب فضائل الصحابة (136),2026-02-12,25,
CtXIE-gqfrU,https://www.youtube.com/watch?v=CtXIE-gqfrU,السماع والتعليق على فضائل الصحابة,138,مجلس السماع والتعليق على كتاب فضائل الصحابة (138),2026-02-12,28,
Lrpt5NDzvgE,https://www.youtube.com/watch?v=Lrpt5NDzvgE,السماع والتعليق على فضائل الصحابة,139,مجلس السماع والتعليق على كتاب فضائل الصحابة (139),2026-02-16,26,
aq53jiPBlLc,https://www.youtube.com/watch?v=aq53jiPBlLc,السماع والتعليق على فضائل الصحابة,140,مجلس السماع والتعليق على كتاب فضائل الصحابة (140),2026-03-25,16,
Lh70XPANbJE,https://www.youtube.com/watch?v=Lh70XPANbJE,السماع والتعليق على فضائل الصحابة,141,مجلس السماع والتعليق على كتاب فضائل الصحابة (141),2026-03-27,14,
AeUp9VSVsDg,https://www.youtube.com/watch?v=AeUp9VSVsDg,السماع والتعليق على فضائل الصحابة,142,مجلس السماع والتعليق على كتاب فضائل الصحابة (142),2026-04-02,24,
JfhXzz8kE7g,https://www.youtube.com/watch?v=JfhXzz8kE7g,السماع والتعليق على فضائل الصحابة,143,مجلس السماع والتعليق على كتاب فضائل الصحابة (143),2026-04-02,21,
hK7Fn7ev1Wc,https://www.youtube.com/watch?v=hK7Fn7ev1Wc,السماع والتعليق على فضائل الصحابة,144,مجلس السماع والتعليق على كتاب فضائل الصحابة (144),2026-04-06,21,
PuWk7AGLTu4,https://www.youtube.com/watch?v=PuWk7AGLTu4,السماع والتعليق على فضائل الصحابة,145,مجلس السماع والتعليق على كتاب فضائل الصحابة (145),2026-04-09,33,
w9qniDzgMGs,https://www.youtube.com/watch?v=w9qniDzgMGs,السماع والتعليق على فضائل الصحابة,146,مجلس السماع والتعليق على كتاب فضائل الصحابة (146),2026-04-11,31,
2XcKHOSwkuo,https://www.youtube.com/watch?v=2XcKHOSwkuo,السماع والتعليق على فضائل الصحابة,147,مجلس السماع والتعليق على كتاب فضائل الصحابة (147),2026-04-11,23,
AA1uwjwlM1s,https://www.youtube.com/watch?v=AA1uwjwlM1s,السماع والتعليق على فضائل الصحابة,148,مجلس السماع والتعليق على كتاب فضائل الصحابة (148),2026-04-16,20,
0ghW6843d6w,https://www.youtube.com/watch?v=0ghW6843d6w,السماع والتعليق على فضائل الصحابة,149,مجلس السماع والتعليق على كتاب فضائل الصحابة (149),2026-04-17,34,
oCrIWIj9Txo,https://www.youtube.com/watch?v=oCrIWIj9Txo,السماع والتعليق على فضائل الصحابة,150,مجلس السماع والتعليق على كتاب فضائل الصحابة (150),2026-06-04,28,
gaMcjIQXuUE,https://www.youtube.com/watch?v=gaMcjIQXuUE,السماع والتعليق على فضائل الصحابة,151,مجلس السماع والتعليق على كتاب فضائل الصحابة (151),2026-06-05,27,
gFK6ZJWB1ME,https://www.youtube.com/watch?v=gFK6ZJWB1ME,السماع والتعليق على فضائل الصحابة,152,مجلس السماع والتعليق على كتاب فضائل الصحابة (152),2026-06-07,28,
SA3kKWMATuk,https://www.youtube.com/watch?v=SA3kKWMATuk,السماع والتعليق على فضائل الصحابة,153,مجلس السماع والتعليق على كتاب فضائل الصحابة (153),2026-06-14,27,
mQMeNHz4Pkc,https://www.youtube.com/watch?v=mQMeNHz4Pkc,السماع والتعليق على فضائل الصحابة,154,مجلس السماع والتعليق على كتاب فضائل الصحابة (154),2026-06-14,28,
cYNQHucyv4M,https://www.youtube.com/watch?v=cYNQHucyv4M,السماع والتعليق على فضائل الصحابة,155,مجلس السماع والتعليق على كتاب فضائل الصحابة (155),2026-06-19,35,
fz4NKFUURbQ,https://www.youtube.com/watch?v=fz4NKFUURbQ,السماع والتعليق على فضائل الصحابة,156,مجلس السماع والتعليق على كتاب فضائل الصحابة (156),2026-06-19,38,
L0LvtIs6mLU,https://www.youtube.com/watch?v=L0LvtIs6mLU,السماع والتعليق على فضائل الصحابة,157,مجلس السماع والتعليق على كتاب فضائل الصحابة (157),2026-06-22,44,
md_RzBcbi4s,https://www.youtube.com/watch?v=md_RzBcbi4s,السماع والتعليق على فضائل الصحابة,158,مجلس السماع والتعليق على كتاب فضائل الصحابة (158),2026-06-25,38,
5-7E9PS0zao,https://www.youtube.com/watch?v=5-7E9PS0zao,السماع والتعليق على فضائل الصحابة,159,مجلس السماع والتعليق على كتاب فضائل الصحابة (159),2026-06-28,37,
5p_kwrLZZ0Q,https://www.youtube.com/watch?v=5p_kwrLZZ0Q,السماع والتعليق على فضائل الصحابة,160,مجلس السماع والتعليق على كتاب فضائل الصحابة (160),2026-06-28,41,
ofXb8UP-ZIQ,https://www.youtube.com/watch?v=ofXb8UP-ZIQ,السماع والتعليق على فضائل الصحابة,161,مجلس السماع والتعليق على كتاب فضائل الصحابة (161),2026-07-02,34,
08xa3pbIfEs,https://www.youtube.com/watch?v=08xa3pbIfEs,السماع والتعليق على فضائل الصحابة,162,مجلس السماع والتعليق على كتاب فضائل الصحابة (162),2026-07-06,36,
XFAEcsBXbHs,https://www.youtube.com/watch?v=XFAEcsBXbHs,السماع والتعليق على فضائل الصحابة,163,مجلس السماع والتعليق على كتاب فضائل الصحابة (163),2026-07-06,20,
uUfOC8CdqOM,https://www.youtube.com/watch?v=uUfOC8CdqOM,السماع والتعليق على فضائل الصحابة,164,مجلس السماع والتعليق على كتاب فضائل الصحابة (164),2026-07-09,28,
03w_0fznoDw,https://www.youtube.com/watch?v=03w_0fznoDw,السماع والتعليق على فضائل الصحابة,165,مجلس السماع والتعليق على كتاب فضائل الصحابة (165),2026-07-09,33,
ECQJM1-xnko,https://www.youtube.com/watch?v=ECQJM1-xnko,السماع والتعليق على فضائل الصحابة,166,مجلس السماع والتعليق على كتاب فضائل الصحابة (166),2026-07-15,27,
yjUibhfgYro,https://www.youtube.com/watch?v=yjUibhfgYro,السماع والتعليق على فضائل الصحابة,167,مجلس السماع والتعليق على كتاب فضائل الصحابة (167),2026-07-16,24,
m56IC9zsQQg,https://www.youtube.com/watch?v=m56IC9zsQQg,السماع والتعليق على فضائل الصحابة,168,مجلس السماع والتعليق على كتاب فضائل الصحابة (168),2026-07-19,38,
FvLaj3_Qddk,https://www.youtube.com/watch?v=FvLaj3_Qddk,السماع والتعليق على فضائل الصحابة,169,مجلس السماع والتعليق على كتاب فضائل الصحابة (169),2026-08-02,21,
Z59TPnm9f9E,https://www.youtube.com/watch?v=Z59TPnm9f9E,السماع والتعليق على فضائل الصحابة,170,مجلس السماع والتعليق على كتاب فضائل الصحابة (170),2026-08-02,32,
e0eAd6L_YtE,https://www.youtube.com/watch?v=e0eAd6L_YtE,السماع والتعليق على فضائل الصحابة,171,مجلس السماع والتعليق على كتاب فضائل الصحابة (171),2026-08-02,32,
uy023lWBw5k,https://www.youtube.com/watch?v=uy023lWBw5k,السماع والتعليق على فضائل الصحابة,172,مجلس السماع والتعليق على كتاب فضائل الصحابة (172),2026-08-02,26,
mL0SPL0MNs0,https://www.youtube.com/watch?v=mL0SPL0MNs0,السماع والتعليق على فضائل الصحابة,173,مجلس السماع والتعليق على كتاب فضائل الصحابة (173),2026-08-02,18,
dCeuLsocE3s,https://www.youtube.com/watch?v=dCeuLsocE3s,السماع والتعليق على فضائل الصحابة,174,مجلس السماع والتعليق على كتاب فضائل الصحابة (174),2026-08-02,24,
CvtPD2lRMFw,https://www.youtube.com/watch?v=CvtPD2lRMFw,السماع والتعليق على فضائل الصحابة,175,مجلس السماع والتعليق على كتاب فضائل الصحابة (175),2026-08-06,27,
Vqa-SYjXxhQ,https://www.youtube.com/watch?v=Vqa-SYjXxhQ,السماع والتعليق على فضائل الصحابة,176,مجلس السماع والتعليق على كتاب فضائل الصحابة (176),2026-08-08,17,
6kjxuIc62Fc,https://www.youtube.com/watch?v=6kjxuIc62Fc,السماع والتعليق على فضائل الصحابة,177,مجلس السماع والتعليق على كتاب فضائل الصحابة (177),2026-08-08,18,
xgX0L2-2l4M,https://www.youtube.com/watch?v=xgX0L2-2l4M,السماع والتعليق على فضائل الصحابة,178,مجلس السماع والتعليق على كتاب فضائل الصحابة (178),2026-08-12,21,
GC35I7uzizY,https://www.youtube.com/watch?v=GC35I7uzizY,السماع والتعليق على فضائل الصحابة,179,مجلس السماع والتعليق على كتاب فضائل الصحابة (179),2026-08-17,14,
q-L-HxWjYxs,https://www.youtube.com/watch?v=q-L-HxWjYxs,السماع والتعليق على فضائل الصحابة,180,مجلس السماع والتعليق على كتاب فضائل الصحابة (180),2026-08-17,23,
6UlyV2J6_dc,https://www.youtube.com/watch?v=6UlyV2J6_dc,السماع والتعليق على فضائل الصحابة,181,مجلس السماع والتعليق على كتاب فضائل الصحابة (181),2026-08-19,20,
QoKiZeItgpQ,https://www.youtube.com/watch?v=QoKiZeItgpQ,السماع والتعليق على فضائل الصحابة,182,مجلس السماع والتعليق على كتاب فضائل الصحابة (182),2026-08-22,20,
TrVDUogDLcM,https://www.youtube.com/watch?v=TrVDUogDLcM,السماع والتعليق على فضائل الصحابة,183,مجلس السماع والتعليق على كتاب فضائل الصحابة (183),2026-08-22,15,
6tjmTKpCLwY,https://www.youtube.com/watch?v=6tjmTKpCLwY,السماع والتعليق على فضائل الصحابة,184,مجلس السماع والتعليق على كتاب فضائل الصحابة (184),2026-08-26,13,
iVEWEaKi5Vw,https://www.youtube.com/watch?v=iVEWEaKi5Vw,السماع والتعليق على فضائل الصحابة,185,مجلس السماع والتعليق على كتاب فضائل الصحابة (185),2026-08-28,16,
ZfyIOyJGBww,https://www.youtube.com/watch?v=ZfyIOyJGBww,السماع والتعليق على فضائل الصحابة,186,مجلس السماع والتعليق على كتاب فضائل الصحابة (186),2026-08-30,9,
PtfXWSnlWEc,https://www.youtube.com/watch?v=PtfXWSnlWEc,السماع والتعليق على فضائل الصحابة,187,مجلس السماع والتعليق على كتاب فضائل الصحابة (187),2026-09-03,12,
gyB0qGhwTNA,https://www.youtube.com/watch?v=gyB0qGhwTNA,السماع والتعليق على فضائل الصحابة,188,مجلس السماع والتعليق على كتاب فضائل الصحابة (188),2026-09-03,14,
nSNi-Xk9T90,https://www.youtube.com/watch?v=nSNi-Xk9T90,السماع والتعليق على فضائل الصحابة,189,مجلس السماع والتعليق على كتاب فضائل الصحابة (189),2026-09-07,16,
UG4A-8ZcBdw,https://www.youtube.com/watch?v=UG4A-8ZcBdw,السماع والتعليق على فضائل الصحابة,190,مجلس السماع والتعليق على كتاب فضائل الصحابة (190),2026-09-09,4,
u0UVeGBo0gI,https://www.youtube.com/watch?v=u0UVeGBo0gI,السماع والتعليق على فضائل الصحابة,191,مجلس السماع والتعليق على كتاب فضائل الصحابة (191),2026-09-10,11,
oYLvEfpA1Yk,https://www.youtube.com/watch?v=oYLvEfpA1Yk,السماع والتعليق على فضائل الصحابة,192,مجلس السماع والتعليق على كتاب فضائل الصحابة (192),2026-09-30,11,
Y9e47Mz22ys,https://www.youtube.com/watch?v=Y9e47Mz22ys,السماع والتعليق على فضائل الصحابة,193,مجلس السماع والتعليق على كتاب فضائل الصحابة (193),2026-09-30,9,
vbAJyJRoGFc,https://www.youtube.com/watch?v=vbAJyJRoGFc,السماع والتعليق على فضائل الصحابة,194,مجلس السماع والتعليق على كتاب فضائل الصحابة (194),2026-09-30,17,
1fnE5Fkotck,https://www.youtube.com/watch?v=1fnE5Fkotck,الجامع لأخلاق الراوي وآداب السامع,13,الدرس 13 الجامع لأخلاق الراوي وآداب السامع,2023-03-21,21,
iWbJ0L8OEY4,https://www.youtube.com/watch?v=iWbJ0L8OEY4,الجامع لأخلاق الراوي وآداب السامع,14,الدرس 14 الجامع لأخلاق الراوي وآداب السامع,2023-03-21,12,
9lw6pkBuP_c,https://www.youtube.com/watch?v=9lw6pkBuP_c,الجامع لأخلاق الراوي وآداب السامع,15,الدرس 15 الجامع لأخلاق الراوي وآداب السامع,2023-03-23,22,
FjfmDJJoaUo,https://www.youtube.com/watch?v=FjfmDJJoaUo,الجامع لأخلاق الراوي وآداب السامع,16,الدرس 16 الجامع لأخلاق الراوي وآداب السامع,2023-03-23,25,
Xqh_giJjJBc,https://www.youtube.com/watch?v=Xqh_giJjJBc,الجامع لأخلاق الراوي وآداب السامع,22,الدرس 22 الجامع لأخلاق الراوي وآداب السامع,2023-05-10,34,
hnDbG-UFBfA,https://www.youtube.com/watch?v=hnDbG-UFBfA,الجامع لأخلاق الراوي وآداب السامع,23,الدرس 23 الجامع لأخلاق الراوي وآداب السامع,2023-05-15,19,
e--Qbra9tJQ,https://www.youtube.com/watch?v=e--Qbra9tJQ,الجامع لأخلاق الراوي وآداب السامع,24,الدرس 24 الجامع لأخلاق الراوي وآداب السامع,2023-05-15,19,
Z1L0NScuews,https://www.youtube.com/watch?v=Z1L0NScuews,الجامع لأخلاق الراوي وآداب السامع,25,الدرس 25 الجامع لأخلاق الراوي وآداب السامع,2023-05-28,28,
9_gqmxldO_w,https://www.youtube.com/watch?v=9_gqmxldO_w,الجامع لأخلاق الراوي وآداب السامع,26,الدرس 26 الجامع لأخلاق الراوي وآداب السامع,2023-05-28,23,
NU1i8pKo3fw,https://www.youtube.com/watch?v=NU1i8pKo3fw,الجامع لأخلاق الراوي وآداب السامع,27,الدرس 27 الجامع لأخلاق الراوي وآداب السامع,2023-05-28,22,
PiknSTMzabQ,https://www.youtube.com/watch?v=PiknSTMzabQ,الجامع لأخلاق الراوي وآداب السامع,28,الدرس 28 الجامع لأخلاق الراوي وآداب السامع,2023-05-28,19,
yRT3oHJP3V4,https://www.youtube.com/watch?v=yRT3oHJP3V4,الجامع لأخلاق الراوي وآداب السامع,29,الدرس 29 الجامع لأخلاق الراوي وآداب السامع,2023-05-28,21,
pzQOQjID7Ak,https://www.youtube.com/watch?v=pzQOQjID7Ak,الجامع لأخلاق الراوي وآداب السامع,30,الدرس 30 الجامع لأخلاق الراوي وآداب السامع,2023-06-01,20,
m8jbpS2nl4Y,https://www.youtube.com/watch?v=m8jbpS2nl4Y,الجامع لأخلاق الراوي وآداب السامع,31,الدرس 31 الجامع لأخلاق الراوي وآداب السامع,2023-06-02,24,
JuGvzbHrEZg,https://www.youtube.com/watch?v=JuGvzbHrEZg,الجامع لأخلاق الراوي وآداب السامع,32,الدرس 32 الجامع لأخلاق الراوي وآداب السامع,2023-06-04,18,
rBJW-26Ldtg,https://www.youtube.com/watch?v=rBJW-26Ldtg,الجامع لأخلاق الراوي وآداب السامع,33,الدرس 33 الجامع لأخلاق الراوي وآداب السامع,2023-06-10,31,
h58UFjERaW8,https://www.youtube.com/watch?v=h58UFjERaW8,الجامع لأخلاق الراوي وآداب السامع,34,الدرس 34 الجامع لأخلاق الراوي وآداب السامع,2023-07-18,23,
rgqQqw_JzGM,https://www.youtube.com/watch?v=rgqQqw_JzGM,الجامع لأخلاق الراوي وآداب السامع,35,الدرس 35 الجامع لأخلاق الراوي وآداب السامع,2023-07-18,18,
tW3SxQ1k2-k,https://www.youtube.com/watch?v=tW3SxQ1k2-k,الجامع لأخلاق الراوي وآداب السامع,36,الدرس 36 الجامع لأخلاق الراوي وآداب السامع,2023-07-20,18,
my-t4gxCYng,https://www.youtube.com/watch?v=my-t4gxCYng,الجامع لأخلاق الراوي وآداب السامع,37,الدرس 37 الجامع لأخلاق الراوي وآداب السامع,2023-07-20,22,
q5f_kOGwwoA,https://www.youtube.com/watch?v=q5f_kOGwwoA,الجامع لأخلاق الراوي وآداب السامع,38,الدرس 38 الجامع لأخلاق الراوي وآداب السامع,2023-07-31,12,
yT2P3XmbCY0,https://www.youtube.com/watch?v=yT2P3XmbCY0,الجامع لأخلاق الراوي وآداب السامع,39,الدرس 39 الجامع لأخلاق الراوي وآداب السامع,2023-07-31,16,
W--929WdT94,https://www.youtube.com/watch?v=W--929WdT94,الجامع لأخلاق الراوي وآداب السامع,40,الدرس 40 الجامع لأخلاق الراوي وآداب السامع,2023-07-31,20,
7KUpqXmvcOQ,https://www.youtube.com/watch?v=7KUpqXmvcOQ,الجامع لأخلاق الراوي وآداب السامع,41,الدرس 41 الجامع لأخلاق الراوي وآداب السامع,2023-08-04,15,
4DXyVSyrw2w,https://www.youtube.com/watch?v=4DXyVSyrw2w,الجامع لأخلاق الراوي وآداب السامع,42,الدرس 42 الجامع لأخلاق الراوي وآداب السامع,2023-08-04,15,
PCaltRnYVQs,https://www.youtube.com/watch?v=PCaltRnYVQs,الجامع لأخلاق الراوي وآداب السامع,43,الدرس 43 الجامع لأخلاق الراوي وآداب السامع,2023-08-05,17,
dezNu4d_DEo,https://www.youtube.com/watch?v=dezNu4d_DEo,الجامع لأخلاق الراوي وآداب السامع,45,الدرس 45 الجامع لأخلاق الراوي وآداب السامع,2023-09-05,17,
SvGR1Qh97e8,https://www.youtube.com/watch?v=SvGR1Qh97e8,الجامع لأخلاق الراوي وآداب السامع,46,الدرس 46 الجامع لأخلاق الراوي وآداب السامع,2023-09-05,17,
TX-rgekMX8s,https://www.youtube.com/watch?v=TX-rgekMX8s,الجامع لأخلاق الراوي وآداب السامع,47,الدرس 47 الجامع لأخلاق الراوي وآداب السامع,2023-09-05,22,
r9g-E9yi-SE,https://www.youtube.com/watch?v=r9g-E9yi-SE,الجامع لأخلاق الراوي وآداب السامع,48,الدرس 48 الجامع لأخلاق الراوي وآداب السامع,2023-09-05,14,
_6CIzAGeXnA,https://www.youtube.com/watch?v=_6CIzAGeXnA,الجامع لأخلاق الراوي وآداب السامع,49,الدرس 49 الجامع لأخلاق الراوي وآداب السامع,2023-09-05,16,
ov5YVqCXlMo,https://www.youtube.com/watch?v=ov5YVqCXlMo,الجامع لأخلاق الراوي وآداب السامع,50,الدرس 50 الجامع لأخلاق الراوي وآداب السامع,2023-09-05,13,
QIUQ4p6bUpY,https://www.youtube.com/watch?v=QIUQ4p6bUpY,الجامع لأخلاق الراوي وآداب السامع,51,الدرس 51 الجامع لأخلاق الراوي وآداب السامع,2023-09-05,24,
C8qThnVau2I,https://www.youtube.com/watch?v=C8qThnVau2I,الجامع لأخلاق الراوي وآداب السامع,52,الدرس 52 الجامع لأخلاق الراوي وآداب السامع,2023-09-10,11,
rUfCOgPN0Zc,https://www.youtube.com/watch?v=rUfCOgPN0Zc,الجامع لأخلاق الراوي وآداب السامع,53,الدرس 53 الجامع لأخلاق الراوي وآداب السامع,2023-09-10,14,
EAnsM6NDBco,https://www.youtube.com/watch?v=EAnsM6NDBco,الجامع لأخلاق الراوي وآداب السامع,54,الدرس 54 الجامع لأخلاق الراوي وآداب السامع,2023-09-13,17,
SZFWYZJ1EvU,https://www.youtube.com/watch?v=SZFWYZJ1EvU,الجامع لأخلاق الراوي وآداب السامع,55,الدرس 55 الجامع لأخلاق الراوي وآداب السامع,2023-09-14,6,
zURihI451d8,https://www.youtube.com/watch?v=zURihI451d8,الجامع لأخلاق الراوي وآداب السامع,56,الدرس 56 الجامع لأخلاق الراوي وآداب السامع,2023-09-17,17,
XpFDsdgXT5g,https://www.youtube.com/watch?v=XpFDsdgXT5g,الجامع لأخلاق الراوي وآداب السامع,57,الدرس 57 الجامع لأخلاق الراوي وآداب السامع,2023-09-23,14,
rnrU7By62E4,https://www.youtube.com/watch?v=rnrU7By62E4,الجامع لأخلاق الراوي وآداب السامع,58,الدرس 58 الجامع لأخلاق الراوي وآداب السامع,2023-09-27,13,
joG7GgIUix0,https://www.youtube.com/watch?v=joG7GgIUix0,الجامع لأخلاق الراوي وآداب السامع,59,الدرس 59 الجامع لأخلاق الراوي وآداب السامع,2023-10-01,9,
OgU16LphtTs,https://www.youtube.com/watch?v=OgU16LphtTs,الجامع لأخلاق الراوي وآداب السامع,60,الدرس 60 الجامع لأخلاق الراوي وآداب السامع,2023-10-05,7,
uW9cGBeQs6k,https://www.youtube.com/watch?v=uW9cGBeQs6k,الجامع لأخلاق الراوي وآداب السامع,61,الدرس 61 الجامع لأخلاق الراوي وآداب السامع,2023-10-05,15,
tgSiSAHu0Og,https://www.youtube.com/watch?v=tgSiSAHu0Og,الجامع لأخلاق الراوي وآداب السامع,62,الدرس 62 الجامع لأخلاق الراوي وآداب السامع,2023-10-07,14,
q57tgQQEtpQ,https://www.youtube.com/watch?v=q57tgQQEtpQ,شرح نزهة النظر,,شرح كتاب نزهة النظر لابن حجر- المجلس الأول,2018-01-16,100,
SIVj0ze8iJs,https://www.youtube.com/watch?v=SIVj0ze8iJs,شرح نزهة النظر,,شرح كتاب نزهة النظر لابن حجر- المجلس الثاني,2018-01-16,63,
G6x0I4gVJ8E,https://www.youtube.com/watch?v=G6x0I4gVJ8E,شرح نزهة النظر,,شرح كتاب نزهة النظر لابن حجر- المجلس الثالث,2018-01-16,33,
1oz27y7rC0I,https://www.youtube.com/watch?v=1oz27y7rC0I,شرح نزهة النظر,,شرح كتاب نزهة النظر لابن حجر- المجلس السادس,2018-01-17,65,
cwNi_PMOLD8,https://www.youtube.com/watch?v=cwNi_PMOLD8,شرح نزهة النظر,,شرح كتاب نزهة النظر لابن حجر- المجلس الرابع,2018-01-17,104,
00RvIljx73U,https://www.youtube.com/watch?v=00RvIljx73U,شرح نزهة النظر,,شرح كتاب نزهة النظر لابن حجر- المجلس الخامس,2018-01-17,83,
FkbDhsNc20o,https://www.youtube.com/watch?v=FkbDhsNc20o,شرح نزهة النظر,,التعليق على نزهة النظر,2018-12-30,95,
lIytsaLuD4M,https://www.youtube.com/watch?v=lIytsaLuD4M,شرح نزهة النظر,,التعليق على نزهة النظر,2018-12-31,102,
ZzgTzIxz7j4,https://www.youtube.com/watch?v=ZzgTzIxz7j4,شرح نزهة النظر,,التعليق على نزهة النظر,2019-01-01,87,
pQvJSRA9cTY,https://www.youtube.com/watch?v=pQvJSRA9cTY,شرح نزهة النظر,,التعليق على نزهة النظر,2019-01-03,115,
TUC3tP6dIZk,https://www.youtube.com/watch?v=TUC3tP6dIZk,مجالس سماع سنن النسائي,20,المجلس 20 من مجالس سماع سنن النسائي وتعليق,2022-11-05,92,
RBL7ksQNNFw,https://www.youtube.com/watch?v=RBL7ksQNNFw,مجالس سماع سنن النسائي,21,المجلس 21 من مجالس سماع سنن النسائي وتعليق,2022-12-18,70,
DkUeTddQZBg,https://www.youtube.com/watch?v=DkUeTddQZBg,مجالس سماع سنن النسائي,22,تابع المجلس 22 من مجالس سماع سنن النسائي وتعليق,2023-01-01,22,
OocBeyKvRaE,https://www.youtube.com/watch?v=OocBeyKvRaE,مجالس سماع سنن النسائي,22,المجلس 22 من مجالس سماع سنن النسائي وتعليق,2023-01-01,69,
gqsNoQ6Vilg,https://www.youtube.com/watch?v=gqsNoQ6Vilg,محاضرات وفوائد متفرقة,,التعصب للمذاهب ورد ماتع,2017-02-09,5,
uc0vRdID1Qc,https://www.youtube.com/watch?v=uc0vRdID1Qc,محاضرات وفوائد متفرقة,,هدايا العمال غلول,2017-02-09,5,
T8qQlfUvSa0,https://www.youtube.com/watch?v=T8qQlfUvSa0,محاضرات وفوائد متفرقة,,ختم صحيح البخاري 21 05 1438,2017-02-19,7,
kfNfS01CmZA,https://www.youtube.com/watch?v=kfNfS01CmZA,محاضرات وفوائد متفرقة,,الثناء السامي على الإمام محمد أمان بن علي الجامي رحمه الله,2017-02-26,2,
oyZHe1uoF8c,https://www.youtube.com/watch?v=oyZHe1uoF8c,محاضرات وفوائد متفرقة,,رد على من يفرقون بين منهج المتقدمين والمتأخرين الدكتور وصي الله بن محمد عباس حفظه الله,2017-03-12,2,
YqKyrqCQDb4,https://www.youtube.com/watch?v=YqKyrqCQDb4,محاضرات وفوائد متفرقة,,أخذ السلف بالحسن لغيره والراجح في التضحية عن الميت,2017-03-19,5,
pU_ZNNGAHxc,https://www.youtube.com/watch?v=pU_ZNNGAHxc,محاضرات وفوائد متفرقة,,🔹 فائدة فقهيه في صف الصف ووضع القدم,2017-03-19,5,
31yJM_KupX0,https://www.youtube.com/watch?v=31yJM_KupX0,محاضرات وفوائد متفرقة,,براءة,2017-03-19,5,
nTZbzc9c6X0,https://www.youtube.com/watch?v=nTZbzc9c6X0,محاضرات وفوائد متفرقة,,فائدة في العلل والرد على كبوة من كبوات المودودي,2017-03-26,9,
lYxkLxaXaJU,https://www.youtube.com/watch?v=lYxkLxaXaJU,محاضرات وفوائد متفرقة,,فائدة جدير بنا أن نقف عندها,2017-04-02,6,
CM3DUMdz6Zs,https://www.youtube.com/watch?v=CM3DUMdz6Zs,محاضرات وفوائد متفرقة,,تفصيل علمي ماتع في مسألتي طاعة ولي الأمر والجهاد,2017-05-04,17,
aiWkyhPTcE8,https://www.youtube.com/watch?v=aiWkyhPTcE8,محاضرات وفوائد متفرقة,,وجوب تغطية رجل المرأة في الصلاة,2017-05-25,1,
UwINdcvP9kM,https://www.youtube.com/watch?v=UwINdcvP9kM,محاضرات وفوائد متفرقة,,تحذير العقال من كبيرة الإسبال,2017-05-25,6,
C9o1sgLSUj4,https://www.youtube.com/watch?v=C9o1sgLSUj4,محاضرات وفوائد متفرقة,,التحذير من جماعة التبليغ,2017-06-21,5,
y5xYqnqatvQ,https://www.youtube.com/watch?v=y5xYqnqatvQ,محاضرات وفوائد متفرقة,,التمسك بالسنة نجاة - كلمة,2017-07-05,34,
QnIf7N29iG4,https://www.youtube.com/watch?v=QnIf7N29iG4,محاضرات وفوائد متفرقة,,(رحلتي في طلب العلم ),2017-07-09,62,
k2FQQtc82Lk,https://www.youtube.com/watch?v=k2FQQtc82Lk,محاضرات وفوائد متفرقة,,(محاضرة الوسطية والاعتدال ومعالجة التطرف),2017-07-14,62,
5i83rUjIQ84,https://www.youtube.com/watch?v=5i83rUjIQ84,محاضرات وفوائد متفرقة,,حكم المظاهرات و حراك 15 سبتمبر ؟,2017-09-14,1,
f1AinFIO4cQ,https://www.youtube.com/watch?v=f1AinFIO4cQ,محاضرات وفوائد متفرقة,,من هم الجامية والمداخلة ؟,2017-09-28,4,
umjc5LhHkkk,https://www.youtube.com/watch?v=umjc5LhHkkk,محاضرات وفوائد متفرقة,,هل نأخذ العلم من سيد قطب ؟,2017-09-29,2,
2kJOOYNJyXE,https://www.youtube.com/watch?v=2kJOOYNJyXE,محاضرات وفوائد متفرقة,,تفصيل علمي ماتع في الصحابي,2017-10-01,3,
rlLrkZNiov4,https://www.youtube.com/watch?v=rlLrkZNiov4,محاضرات وفوائد متفرقة,,الله کہاں ہے؟ جواب سنیں شیخ ڈاکٹر وصی اللہ بن محمد عباس -حفظه الله,2017-11-23,4,
X8gHYrAmkjs,https://www.youtube.com/watch?v=X8gHYrAmkjs,محاضرات وفوائد متفرقة,,ثناء عاطر على علامة اليمن مقبل بن هادي الوادعي رحمه الله,2018-01-25,2,
FuIuM3jQr98,https://www.youtube.com/watch?v=FuIuM3jQr98,محاضرات وفوائد متفرقة,,ثناء العلامة وصي الله عباس على,2018-08-29,2,
IMPw-L1j_I4,https://www.youtube.com/watch?v=IMPw-L1j_I4,محاضرات وفوائد متفرقة,,دفاع,2018-09-22,3,
_Wp0n-vLQVw,https://www.youtube.com/watch?v=_Wp0n-vLQVw,محاضرات وفوائد متفرقة,,هكذا جماعة التبليغ المبتدعة ( الأحباب ) تهدم مساجد أهل السنة بالهند - العلامة وصي الله بن محمد عباس,2018-10-02,6,
pfXRhtQfLJA,https://www.youtube.com/watch?v=pfXRhtQfLJA,محاضرات وفوائد متفرقة,,"""كلام نفيس ""من العلامة وصي الله عباس يرد على بعض الفرق الضالة",2018-11-15,7,
hpCHbCTdbCY,https://www.youtube.com/watch?v=hpCHbCTdbCY,محاضرات وفوائد متفرقة,,کیا یہ تجارت کے لۓ ربیہ لینے کی اجازت ہے؟ ڈاکٹر,2019-01-02,3,
v1fM_fw7nGE,https://www.youtube.com/watch?v=v1fM_fw7nGE,محاضرات وفوائد متفرقة,,کیا یہ تجارت کے لۓ ربیہ لینے کی اجازت ہے؟ جواب,2019-01-03,3,
Q7OlktGj47w,https://www.youtube.com/watch?v=Q7OlktGj47w,محاضرات وفوائد متفرقة,,قراءة سورة الصف ( أصح مسلسل في الدنيا ) بصوت العلامة المحدث وصي الله بن محمد عباس حفظه الله,2019-01-05,6,
QP5xM48O5D0,https://www.youtube.com/watch?v=QP5xM48O5D0,محاضرات وفوائد متفرقة,,قراءة سورة الصف ( أصح مسلسل في الدنيا ) بصوت العلامة المحدث وصي الله بن محمد عباس حفظه الله,2019-01-06,6,
ZHFHHqKi2-M,https://www.youtube.com/watch?v=ZHFHHqKi2-M,محاضرات وفوائد متفرقة,,الشيخ وصي الله بن محمد عباس بين يدي الشيخ الألباني يسأله بأدب عالٍ ونقاش ماتع حول فرضية الجهاد,2019-02-13,26,
vq0gO-12pPg,https://www.youtube.com/watch?v=vq0gO-12pPg,محاضرات وفوائد متفرقة,,حديث إن الملائكة لتضع أجنحتها لطالب العلم وبكاء,2019-02-20,5,
3jrGCQ68eSs,https://www.youtube.com/watch?v=3jrGCQ68eSs,محاضرات وفوائد متفرقة,,محاضرة الشائعات وأثرها السيء في الأمة,2019-02-22,99,
BsezSz-alsM,https://www.youtube.com/watch?v=BsezSz-alsM,محاضرات وفوائد متفرقة,,محاضرة التحذير من بدع رجب,2019-03-11,30,
MD98sbPuZL4,https://www.youtube.com/watch?v=MD98sbPuZL4,محاضرات وفوائد متفرقة,,جهود السعودية في خدمة الحج والعمرة,2019-07-25,26,
FKZpCPIBKBw,https://www.youtube.com/watch?v=FKZpCPIBKBw,محاضرات وفوائد متفرقة,,ضبط اسم الله الستير على وزن فعيل,2019-10-26,2,
IbFRzQjErPg,https://www.youtube.com/watch?v=IbFRzQjErPg,محاضرات وفوائد متفرقة,,كلمة,2020-04-14,5,
YceZOuJo880,https://www.youtube.com/watch?v=YceZOuJo880,محاضرات وفوائد متفرقة,,{ كورونا واغتنام الوقت في الطاعة },2020-04-23,11,
DchyCQ8_0Co,https://www.youtube.com/watch?v=DchyCQ8_0Co,محاضرات وفوائد متفرقة,,عزاء العلامة المحدث وصي الله بن محمد عباس حفظه الله في العلامة السلفي فلاح مندكار -رحمه الله,2020-10-22,1,
mN2POU8wNYA,https://www.youtube.com/watch?v=mN2POU8wNYA,محاضرات وفوائد متفرقة,,لوازم البيعة الشرعية، وفضل الدعاء لولاة الأمر,2020-11-18,50,
3SCGEFjtAr4,https://www.youtube.com/watch?v=3SCGEFjtAr4,محاضرات وفوائد متفرقة,,التحذير من جماعة الإخوان المسلمين وبيان,2020-12-12,64,
hcvL4-wCO4k,https://www.youtube.com/watch?v=hcvL4-wCO4k,محاضرات وفوائد متفرقة,,الدرس (87) سنن ابن ماجه - رحمه الله- حديث رقم 1419,2021-01-08,61,
UtJ2emxAsEc,https://www.youtube.com/watch?v=UtJ2emxAsEc,محاضرات وفوائد متفرقة,,مباشر الآن باللغة الأوردية - سورة الشورى كى تفسير شيخ وصي الله عباس حفظه الله,2021-01-09,52,
0QEu4hfMG-4,https://www.youtube.com/watch?v=0QEu4hfMG-4,محاضرات وفوائد متفرقة,,Live باللغة الأوردية - اتوار 5/26/1442 - سورة الشورى كى تفسير شيخ وصي الله عباس حفظه الله,2021-01-11,71,
oeV__XgZ9Bc,https://www.youtube.com/watch?v=oeV__XgZ9Bc,محاضرات وفوائد متفرقة,,ماذا كان يفعل العلامة محمد البنا رحمه الله؟ اسمع للقصة مع شيخنا,2021-01-13,3,
QwUK6BOpKtg,https://www.youtube.com/watch?v=QwUK6BOpKtg,محاضرات وفوائد متفرقة,,أصح مسلسل يروى في الدنيا بصوت,2021-01-14,6,
ZXWgwduDwaw,https://www.youtube.com/watch?v=ZXWgwduDwaw,محاضرات وفوائد متفرقة,,Live باللغة الأوردية - جمعہ 6/2/1442 - سورة الشورى كى تفسير شيخ وصي الله عباس حفظه الله,2021-01-16,66,
6u9-bicLd1M,https://www.youtube.com/watch?v=6u9-bicLd1M,محاضرات وفوائد متفرقة,,ہر تاجر کے لئے اہم ہے ڈاکٹر,2021-01-17,3,
sOk7CK0C2hY,https://www.youtube.com/watch?v=sOk7CK0C2hY,محاضرات وفوائد متفرقة,,Live باللغة الأوردية - اتوار 4/6/1442 - سورة الشورى كى تفسير شيخ وصي الله عباس حفظه الله,2021-01-18,68,
OpUXfZGka08,https://www.youtube.com/watch?v=OpUXfZGka08,محاضرات وفوائد متفرقة,,Live باللغة الأوردية - جمعہ 9/6/1442 - سورة الشورى كى تفسير شيخ وصي الله عباس حفظه الله,2021-01-23,62,
Y53MdRLAQh0,https://www.youtube.com/watch?v=Y53MdRLAQh0,محاضرات وفوائد متفرقة,,Live باللغة الأوردية - اتوار 11/6/1442 - سورة الشورى من آية 38 كى تفسير شيخ وصي الله عباس حفظه الله,2021-01-25,71,
485renVlM7I,https://www.youtube.com/watch?v=485renVlM7I,محاضرات وفوائد متفرقة,,Live باللغة الأوردية - جمعہ 16/6/1442 - سورة الشورى آية 41 كى تفسير شيخ وصي الله عباس حفظه الله,2021-01-30,67,
lk8_Z_ULkFQ,https://www.youtube.com/watch?v=lk8_Z_ULkFQ,محاضرات وفوائد متفرقة,,Live باللغة الأوردية - اتوار 18/2/1442 - سورة الشورى 49 كى تفسير شيخ وصي الله عباس حفظه الله,2021-02-01,74,
NXXyDImTmXg,https://www.youtube.com/watch?v=NXXyDImTmXg,محاضرات وفوائد متفرقة,,Live باللغة الأوردية - جمعہ 23/6/1442 - سورة الشورى كى تفسير شيخ وصي الله عباس حفظه الله,2021-02-06,69,
oDRowEdeu6k,https://www.youtube.com/watch?v=oDRowEdeu6k,محاضرات وفوائد متفرقة,,قصة مناظرة، وتوجيه رفيع، اسمع للقصة يحكيها العلامة المحدث وصي الله بن محمد عباس -حفظه الله,2021-02-08,3,
9MntABcoewQ,https://www.youtube.com/watch?v=9MntABcoewQ,محاضرات وفوائد متفرقة,,باللغة الأوردية - جمعہ 30/6/1442 - سورة الزخرف كى تفسير شيخ وصي الله عباس حفظه الله,2021-02-13,69,
Y17TXwqMvLs,https://www.youtube.com/watch?v=Y17TXwqMvLs,محاضرات وفوائد متفرقة,,Live باللغة الأوردية - اتوار 2/7/1442 - سورة الشورى كى تفسير شيخ وصي الله عباس حفظه الله,2021-02-15,74,
Vs6gHfLUdiw,https://www.youtube.com/watch?v=Vs6gHfLUdiw,محاضرات وفوائد متفرقة,,عالم يوصي بعالم - رحم الله العلامة ابن عثيمين وطيب ثراه، وحفظ الله العلامة وصي الله بن محمد عباس,2021-02-16,2,
hrjCLyy3NHA,https://www.youtube.com/watch?v=hrjCLyy3NHA,محاضرات وفوائد متفرقة,,شرح عملي لإشارة النبي ﷺ في بيان الفجر الصادق والفجر الكاذب,2021-02-17,5,
dBnHfY00CN4,https://www.youtube.com/watch?v=dBnHfY00CN4,محاضرات وفوائد متفرقة,,اتباع السنة والتمسك بلغتنا في المصطلحات الشرعية مقطع نفيس,2021-02-19,7,
wCrp9AlXv2E,https://www.youtube.com/watch?v=wCrp9AlXv2E,محاضرات وفوائد متفرقة,,Live باللغة الأوردية - جمعہ 07/07/1442 - سورة الزخرف آية 33 كى تفسير شيخ وصي الله عباس حفظه الله,2021-02-20,67,
efg5rPSwcIM,https://www.youtube.com/watch?v=efg5rPSwcIM,محاضرات وفوائد متفرقة,,منهج المحدثين في قبول روايات السيرة النبوية,2021-03-17,78,
YNHP1-EOsyE,https://www.youtube.com/watch?v=YNHP1-EOsyE,محاضرات وفوائد متفرقة,,نصيحة,2021-06-04,5,
wmXZq-JgjyY,https://www.youtube.com/watch?v=wmXZq-JgjyY,محاضرات وفوائد متفرقة,,فضل علم السلف على علم الخلف,2021-06-09,102,
oeD5qI5JYhk,https://www.youtube.com/watch?v=oeD5qI5JYhk,محاضرات وفوائد متفرقة,,فضل علم السلف على علم الخلف,2021-06-09,72,
U4bTDbqKW9M,https://www.youtube.com/watch?v=U4bTDbqKW9M,محاضرات وفوائد متفرقة,,فضل علم السلف على علم الخلف,2021-06-09,32,
b-niOfwrj5A,https://www.youtube.com/watch?v=b-niOfwrj5A,محاضرات وفوائد متفرقة,,التحذير من جماعة التبليغ وصنيعها - العلامة وصي الله بن محمد عباس -حفظه الله,2021-12-11,6,
KtzCMlTsPqE,https://www.youtube.com/watch?v=KtzCMlTsPqE,محاضرات وفوائد متفرقة,,طريقة العقد بالأصابع عند الذكر يبينه العلامة وصي الله بن محمد عباس -حفظه الله,2021-12-12,1,
74_sya7QoGs,https://www.youtube.com/watch?v=74_sya7QoGs,محاضرات وفوائد متفرقة,,ضبط الدستوائي في اسم هشام الدستوائي والكلام على وصف راو بأنه أمي,2021-12-19,9,
fVSFB25DgyQ,https://www.youtube.com/watch?v=fVSFB25DgyQ,محاضرات وفوائد متفرقة,,كيفية الاكتحال بالإثمد وشرح العلامة وصي الله بن محمد عباس -حفظه الله,2022-02-24,2,
fRaMfl82Dac,https://www.youtube.com/watch?v=fRaMfl82Dac,محاضرات وفوائد متفرقة,,بيان ورَدٌ لما نُشر أن,2022-07-03,2,
9YjUbICLtFg,https://www.youtube.com/watch?v=9YjUbICLtFg,محاضرات وفوائد متفرقة,,دروس,2022-11-02,4,
RcfqTWcfe4k,https://www.youtube.com/watch?v=RcfqTWcfe4k,محاضرات وفوائد متفرقة,,من الذي وضع الأبواب في صحيح الإمام مسلم؟ جواب,2022-11-05,3,
u9p2PeritsQ,https://www.youtube.com/watch?v=u9p2PeritsQ,محاضرات وفوائد متفرقة,,من يسب السلف لا يؤخذ منه العلم - كلام نفيس,2022-11-09,1,
IULkJPRTgOU,https://www.youtube.com/watch?v=IULkJPRTgOU,محاضرات وفوائد متفرقة,,محاضرة بعنوان: (مايجب على المسلم تجاه الوطن الذي يعيش فيه) العلامة وصي الله بن محمد عباس -حفظه الله,2023-09-24,71,
rDWx8Ea76Sk,https://www.youtube.com/watch?v=rDWx8Ea76Sk,محاضرات وفوائد متفرقة,,توحيد المملكة العربية السعودية على يد الملك عبد العزيز -رحمه الله,2024-02-24,72,
h8aVEH9L824,https://www.youtube.com/watch?v=h8aVEH9L824,محاضرات وفوائد متفرقة,,كيفية العقد باليد عند التشهد,2024-05-15,2,
gtaYCgOGWoQ,https://www.youtube.com/watch?v=gtaYCgOGWoQ,محاضرات وفوائد متفرقة,,"المجلس(164) ش مسلم ""كتاب المساجد""(36) & ك صلاة المسافرين (1)",2024-08-22,76,
VFA4h_HTxsQ,https://www.youtube.com/watch?v=VFA4h_HTxsQ,محاضرات وفوائد متفرقة,,المجلس الأخير من كتاب فضائل شهر رجب للإمام الخلال -مجلس سماع,2025-01-11,22,
gecrOmQhm2s,https://www.youtube.com/watch?v=gecrOmQhm2s,محاضرات وفوائد متفرقة,,مجلس سماع تبيين العجب والمجلس الأول من كتاب فضائل شهررجب خلال,2025-01-14,78,
Yf2j6SgoGFg,https://www.youtube.com/watch?v=Yf2j6SgoGFg,محاضرات وفوائد متفرقة,,تطبيق عملي لقلب الرداء في صلاة الاستسقاء من أحد الحضور لدرس شيخنا العلامة وصي الله عباس -حفظه الله,2025-02-07,0,
_YngckS42Cg,https://www.youtube.com/watch?v=_YngckS42Cg,محاضرات وفوائد متفرقة,,كلمة العلامة وصي الله بن محمد عباس في وفاة,2025-07-11,10,
M-iyPvf_u5I,https://www.youtube.com/watch?v=M-iyPvf_u5I,محاضرات وفوائد متفرقة,,الجوابات المؤنسة على جوابات دورة الموقظة,2025-08-04,73,
vTSLitnJ1to,https://www.youtube.com/watch?v=vTSLitnJ1to,محاضرات وفوائد متفرقة,,اللقاء العلمي المفتوح مع طلاب دورة القصيم,2025-09-04,38,
T-xa90dcEK8,https://www.youtube.com/watch?v=T-xa90dcEK8,محاضرات وفوائد متفرقة,,حكم الاحتفال بالمولد النبوي,2025-09-04,3,
R5BhSXeslEg,https://www.youtube.com/watch?v=R5BhSXeslEg,محاضرات وفوائد متفرقة,,عزاء العلامة وصي الله بن محمد عباس في سماحة العلامة المفتي عبد العزيز آل,2025-09-25,8,
0aWAsdfPII0,https://www.youtube.com/watch?v=0aWAsdfPII0,محاضرات وفوائد متفرقة,,رد العلامة وصي الله عباس على قول العادي الددو الأثيم أن الأمة أول نكبتها كانت بسبب النبي الكريم,2025-09-29,5,
6oO8qeWbgjQ,https://www.youtube.com/watch?v=6oO8qeWbgjQ,محاضرات وفوائد متفرقة,,السوبيا والسلت وحكم المطعومات والمشروبات وجواب,2026-04-17,2,
K3zpQZl2OYg,https://www.youtube.com/watch?v=K3zpQZl2OYg,محاضرات وفوائد متفرقة,,تعزير ولي الأمر للبائع بيعا فاسدا وبيان المسألة,2026-07-02,4,
FHsiQTNCXJs,https://www.youtube.com/watch?v=FHsiQTNCXJs,محاضرات وفوائد متفرقة,,شهادةٌ من الحرم المكي في حق الإمام الألباني,2026-09-17,9,
zcW00ZFR5ls,https://www.youtube.com/watch?v=zcW00ZFR5ls,محاضرات وفوائد متفرقة,,المواطنة انتماء وعطاء محاضرة,2026-09-18,73,
